Device/Package xc7z100ffg1156 2/28/2013 17:10:11,,,,,,,
,,,,,,,
Pin,Pin Name,Memory Byte Group,Bank,VCCAUX Group,Super Logic Region,I/O Type,No-Connect
Y17,DXN_0,NA,0,NA,NA,CONFIG,NA
U18,VCCADC_0,NA,0,NA,NA,CONFIG,NA
U17,GNDADC_0,NA,0,NA,NA,CONFIG,NA
Y18,DXP_0,NA,0,NA,NA,CONFIG,NA
V17,VREFN_0,NA,0,NA,NA,CONFIG,NA
W18,VREFP_0,NA,0,NA,NA,CONFIG,NA
V18,VP_0,NA,0,NA,NA,CONFIG,NA
W17,VN_0,NA,0,NA,NA,CONFIG,NA
AJ10,VCCBATT_0,NA,0,NA,NA,CONFIG,NA
AG11,RSVDGND,NA,0,NA,NA,CONFIG,NA
N9,TCK_0,NA,0,NA,NA,CONFIG,NA
N7,TMS_0,NA,0,NA,NA,CONFIG,NA
N8,TDO_0,NA,0,NA,NA,CONFIG,NA
N6,TDI_0,NA,0,NA,NA,CONFIG,NA
AH11,INIT_B_0,NA,0,NA,NA,CONFIG,NA
AN11,PROGRAM_B_0,NA,0,NA,NA,CONFIG,NA
AM11,CFGBVS_0,NA,0,NA,NA,CONFIG,NA
AP11,DONE_0,NA,0,NA,NA,CONFIG,NA
AM10,RSVDVCC1,NA,0,NA,NA,CONFIG,NA
AK10,RSVDVCC3,NA,0,NA,NA,CONFIG,NA
AL10,RSVDVCC2,NA,0,NA,NA,CONFIG,NA
AJ19,IO_0_9,NA,9,NA,NA,HR,NA
AN18,IO_L1P_T0_9,0,9,NA,NA,HR,NA
AN17,IO_L1N_T0_9,0,9,NA,NA,HR,NA
AP20,IO_L2P_T0_9,0,9,NA,NA,HR,NA
AP19,IO_L2N_T0_9,0,9,NA,NA,HR,NA
AN16,IO_L3P_T0_DQS_9,0,9,NA,NA,HR,NA
AP16,IO_L3N_T0_DQS_9,0,9,NA,NA,HR,NA
AN19,IO_L4P_T0_9,0,9,NA,NA,HR,NA
AP18,IO_L4N_T0_9,0,9,NA,NA,HR,NA
AM17,IO_L5P_T0_9,0,9,NA,NA,HR,NA
AM16,IO_L5N_T0_9,0,9,NA,NA,HR,NA
AM20,IO_L6P_T0_9,0,9,NA,NA,HR,NA
AM19,IO_L6N_T0_VREF_9,0,9,NA,NA,HR,NA
AL14,IO_L7P_T1_9,1,9,NA,NA,HR,NA
AL13,IO_L7N_T1_9,1,9,NA,NA,HR,NA
AP15,IO_L8P_T1_9,1,9,NA,NA,HR,NA
AP14,IO_L8N_T1_9,1,9,NA,NA,HR,NA
AM12,IO_L9P_T1_DQS_9,1,9,NA,NA,HR,NA
AN12,IO_L9N_T1_DQS_9,1,9,NA,NA,HR,NA
AN13,IO_L10P_T1_9,1,9,NA,NA,HR,NA
AP13,IO_L10N_T1_9,1,9,NA,NA,HR,NA
AM14,IO_L11P_T1_SRCC_9,1,9,NA,NA,HR,NA
AN14,IO_L11N_T1_SRCC_9,1,9,NA,NA,HR,NA
AL15,IO_L12P_T1_MRCC_9,1,9,NA,NA,HR,NA
AM15,IO_L12N_T1_MRCC_9,1,9,NA,NA,HR,NA
AL18,IO_L13P_T2_MRCC_9,2,9,NA,NA,HR,NA
AL17,IO_L13N_T2_MRCC_9,2,9,NA,NA,HR,NA
AK17,IO_L14P_T2_SRCC_9,2,9,NA,NA,HR,NA
AK16,IO_L14N_T2_SRCC_9,2,9,NA,NA,HR,NA
AL20,IO_L15P_T2_DQS_9,2,9,NA,NA,HR,NA
AL19,IO_L15N_T2_DQS_9,2,9,NA,NA,HR,NA
AH18,IO_L16P_T2_9,2,9,NA,NA,HR,NA
AH17,IO_L16N_T2_9,2,9,NA,NA,HR,NA
AJ18,IO_L17P_T2_9,2,9,NA,NA,HR,NA
AK18,IO_L17N_T2_9,2,9,NA,NA,HR,NA
AH16,IO_L18P_T2_9,2,9,NA,NA,HR,NA
AJ16,IO_L18N_T2_9,2,9,NA,NA,HR,NA
AJ15,IO_L19P_T3_9,3,9,NA,NA,HR,NA
AK15,IO_L19N_T3_VREF_9,3,9,NA,NA,HR,NA
AJ13,IO_L20P_T3_9,3,9,NA,NA,HR,NA
AK13,IO_L20N_T3_9,3,9,NA,NA,HR,NA
AH14,IO_L21P_T3_DQS_9,3,9,NA,NA,HR,NA
AJ14,IO_L21N_T3_DQS_9,3,9,NA,NA,HR,NA
AJ11,IO_L22P_T3_9,3,9,NA,NA,HR,NA
AK11,IO_L22N_T3_9,3,9,NA,NA,HR,NA
AH13,IO_L23P_T3_9,3,9,NA,NA,HR,NA
AH12,IO_L23N_T3_9,3,9,NA,NA,HR,NA
AK12,IO_L24P_T3_9,3,9,NA,NA,HR,NA
AL12,IO_L24N_T3_9,3,9,NA,NA,HR,NA
AH19,IO_25_9,NA,9,NA,NA,HR,NA
AF24,IO_0_10,NA,10,NA,NA,HR,NA
AN22,IO_L1P_T0_10,0,10,NA,NA,HR,NA
AN23,IO_L1N_T0_10,0,10,NA,NA,HR,NA
AP23,IO_L2P_T0_10,0,10,NA,NA,HR,NA
AP24,IO_L2N_T0_10,0,10,NA,NA,HR,NA
AM21,IO_L3P_T0_DQS_10,0,10,NA,NA,HR,NA
AM22,IO_L3N_T0_DQS_10,0,10,NA,NA,HR,NA
AN21,IO_L4P_T0_10,0,10,NA,NA,HR,NA
AP21,IO_L4N_T0_10,0,10,NA,NA,HR,NA
AN24,IO_L5P_T0_10,0,10,NA,NA,HR,NA
AP25,IO_L5N_T0_10,0,10,NA,NA,HR,NA
AL22,IO_L6P_T0_10,0,10,NA,NA,HR,NA
AL23,IO_L6N_T0_VREF_10,0,10,NA,NA,HR,NA
AN26,IO_L7P_T1_10,1,10,NA,NA,HR,NA
AP26,IO_L7N_T1_10,1,10,NA,NA,HR,NA
AL27,IO_L8P_T1_10,1,10,NA,NA,HR,NA
AM27,IO_L8N_T1_10,1,10,NA,NA,HR,NA
AK26,IO_L9P_T1_DQS_10,1,10,NA,NA,HR,NA
AK27,IO_L9N_T1_DQS_10,1,10,NA,NA,HR,NA
AM26,IO_L10P_T1_10,1,10,NA,NA,HR,NA
AN27,IO_L10N_T1_10,1,10,NA,NA,HR,NA
AL24,IO_L11P_T1_SRCC_10,1,10,NA,NA,HR,NA
AM24,IO_L11N_T1_SRCC_10,1,10,NA,NA,HR,NA
AL25,IO_L12P_T1_MRCC_10,1,10,NA,NA,HR,NA
AM25,IO_L12N_T1_MRCC_10,1,10,NA,NA,HR,NA
AJ25,IO_L13P_T2_MRCC_10,2,10,NA,NA,HR,NA
AK25,IO_L13N_T2_MRCC_10,2,10,NA,NA,HR,NA
AH24,IO_L14P_T2_SRCC_10,2,10,NA,NA,HR,NA
AJ24,IO_L14N_T2_SRCC_10,2,10,NA,NA,HR,NA
AH26,IO_L15P_T2_DQS_10,2,10,NA,NA,HR,NA
AJ26,IO_L15N_T2_DQS_10,2,10,NA,NA,HR,NA
AF27,IO_L16P_T2_10,2,10,NA,NA,HR,NA
AG27,IO_L16N_T2_10,2,10,NA,NA,HR,NA
AG26,IO_L17P_T2_10,2,10,NA,NA,HR,NA
AH27,IO_L17N_T2_10,2,10,NA,NA,HR,NA
AF25,IO_L18P_T2_10,2,10,NA,NA,HR,NA
AG25,IO_L18N_T2_10,2,10,NA,NA,HR,NA
AG22,IO_L19P_T3_10,3,10,NA,NA,HR,NA
AH22,IO_L19N_T3_VREF_10,3,10,NA,NA,HR,NA
AK20,IO_L20P_T3_10,3,10,NA,NA,HR,NA
AK21,IO_L20N_T3_10,3,10,NA,NA,HR,NA
AK22,IO_L21P_T3_DQS_10,3,10,NA,NA,HR,NA
AK23,IO_L21N_T3_DQS_10,3,10,NA,NA,HR,NA
AJ20,IO_L22P_T3_10,3,10,NA,NA,HR,NA
AJ21,IO_L22N_T3_10,3,10,NA,NA,HR,NA
AH23,IO_L23P_T3_10,3,10,NA,NA,HR,NA
AJ23,IO_L23N_T3_10,3,10,NA,NA,HR,NA
AG21,IO_L24P_T3_10,3,10,NA,NA,HR,NA
AH21,IO_L24N_T3_10,3,10,NA,NA,HR,NA
AG24,IO_25_10,NA,10,NA,NA,HR,NA
AF28,IO_0_11,NA,11,NA,NA,HR,NA
AH33,IO_L1P_T0_11,0,11,NA,NA,HR,NA
AJ33,IO_L1N_T0_11,0,11,NA,NA,HR,NA
AF33,IO_L2P_T0_11,0,11,NA,NA,HR,NA
AG34,IO_L2N_T0_11,0,11,NA,NA,HR,NA
AG31,IO_L3P_T0_DQS_11,0,11,NA,NA,HR,NA
AH32,IO_L3N_T0_DQS_11,0,11,NA,NA,HR,NA
AH34,IO_L4P_T0_11,0,11,NA,NA,HR,NA
AJ34,IO_L4N_T0_11,0,11,NA,NA,HR,NA
AH31,IO_L5P_T0_11,0,11,NA,NA,HR,NA
AJ31,IO_L5N_T0_11,0,11,NA,NA,HR,NA
AF32,IO_L6P_T0_11,0,11,NA,NA,HR,NA
AG32,IO_L6N_T0_VREF_11,0,11,NA,NA,HR,NA
AN34,IO_L7P_T1_11,1,11,NA,NA,HR,NA
AP34,IO_L7N_T1_11,1,11,NA,NA,HR,NA
AL34,IO_L8P_T1_11,1,11,NA,NA,HR,NA
AM34,IO_L8N_T1_11,1,11,NA,NA,HR,NA
AN33,IO_L9P_T1_DQS_11,1,11,NA,NA,HR,NA
AP33,IO_L9N_T1_DQS_11,1,11,NA,NA,HR,NA
AK33,IO_L10P_T1_11,1,11,NA,NA,HR,NA
AL33,IO_L10N_T1_11,1,11,NA,NA,HR,NA
AK31,IO_L11P_T1_SRCC_11,1,11,NA,NA,HR,NA
AK32,IO_L11N_T1_SRCC_11,1,11,NA,NA,HR,NA
AL32,IO_L12P_T1_MRCC_11,1,11,NA,NA,HR,NA
AM32,IO_L12N_T1_MRCC_11,1,11,NA,NA,HR,NA
AM29,IO_L13P_T2_MRCC_11,2,11,NA,NA,HR,NA
AM30,IO_L13N_T2_MRCC_11,2,11,NA,NA,HR,NA
AL30,IO_L14P_T2_SRCC_11,2,11,NA,NA,HR,NA
AM31,IO_L14N_T2_SRCC_11,2,11,NA,NA,HR,NA
AP30,IO_L15P_T2_DQS_11,2,11,NA,NA,HR,NA
AP31,IO_L15N_T2_DQS_11,2,11,NA,NA,HR,NA
AN31,IO_L16P_T2_11,2,11,NA,NA,HR,NA
AN32,IO_L16N_T2_11,2,11,NA,NA,HR,NA
AN29,IO_L17P_T2_11,2,11,NA,NA,HR,NA
AP29,IO_L17N_T2_11,2,11,NA,NA,HR,NA
AN28,IO_L18P_T2_11,2,11,NA,NA,HR,NA
AP28,IO_L18N_T2_11,2,11,NA,NA,HR,NA
AF29,IO_L19P_T3_11,3,11,NA,NA,HR,NA
AF30,IO_L19N_T3_VREF_11,3,11,NA,NA,HR,NA
AH29,IO_L20P_T3_11,3,11,NA,NA,HR,NA
AJ29,IO_L20N_T3_11,3,11,NA,NA,HR,NA
AG29,IO_L21P_T3_DQS_11,3,11,NA,NA,HR,NA
AG30,IO_L21N_T3_DQS_11,3,11,NA,NA,HR,NA
AL28,IO_L22P_T3_11,3,11,NA,NA,HR,NA
AL29,IO_L22N_T3_11,3,11,NA,NA,HR,NA
AJ30,IO_L23P_T3_11,3,11,NA,NA,HR,NA
AK30,IO_L23N_T3_11,3,11,NA,NA,HR,NA
AJ28,IO_L24P_T3_11,3,11,NA,NA,HR,NA
AK28,IO_L24N_T3_11,3,11,NA,NA,HR,NA
AH28,IO_25_11,NA,11,NA,NA,HR,NA
W26,IO_0_12,NA,12,NA,NA,HR,NA
W31,IO_L1P_T0_12,0,12,NA,NA,HR,NA
Y31,IO_L1N_T0_12,0,12,NA,NA,HR,NA
AA34,IO_L2P_T0_12,0,12,NA,NA,HR,NA
AB34,IO_L2N_T0_12,0,12,NA,NA,HR,NA
AB31,IO_L3P_T0_DQS_12,0,12,NA,NA,HR,NA
AB32,IO_L3N_T0_DQS_12,0,12,NA,NA,HR,NA
Y33,IO_L4P_T0_12,0,12,NA,NA,HR,NA
AA33,IO_L4N_T0_12,0,12,NA,NA,HR,NA
W30,IO_L5P_T0_12,0,12,NA,NA,HR,NA
Y30,IO_L5N_T0_12,0,12,NA,NA,HR,NA
Y32,IO_L6P_T0_12,0,12,NA,NA,HR,NA
AA32,IO_L6N_T0_VREF_12,0,12,NA,NA,HR,NA
AE33,IO_L7P_T1_12,1,12,NA,NA,HR,NA
AF34,IO_L7N_T1_12,1,12,NA,NA,HR,NA
AC33,IO_L8P_T1_12,1,12,NA,NA,HR,NA
AC34,IO_L8N_T1_12,1,12,NA,NA,HR,NA
AE31,IO_L9P_T1_DQS_12,1,12,NA,NA,HR,NA
AE32,IO_L9N_T1_DQS_12,1,12,NA,NA,HR,NA
AD33,IO_L10P_T1_12,1,12,NA,NA,HR,NA
AD34,IO_L10N_T1_12,1,12,NA,NA,HR,NA
AD30,IO_L11P_T1_SRCC_12,1,12,NA,NA,HR,NA
AD31,IO_L11N_T1_SRCC_12,1,12,NA,NA,HR,NA
AC31,IO_L12P_T1_MRCC_12,1,12,NA,NA,HR,NA
AC32,IO_L12N_T1_MRCC_12,1,12,NA,NA,HR,NA
AA30,IO_L13P_T2_MRCC_12,2,12,NA,NA,HR,NA
AB30,IO_L13N_T2_MRCC_12,2,12,NA,NA,HR,NA
AA29,IO_L14P_T2_SRCC_12,2,12,NA,NA,HR,NA
AB29,IO_L14N_T2_SRCC_12,2,12,NA,NA,HR,NA
Y28,IO_L15P_T2_DQS_12,2,12,NA,NA,HR,NA
AA28,IO_L15N_T2_DQS_12,2,12,NA,NA,HR,NA
W28,IO_L16P_T2_12,2,12,NA,NA,HR,NA
W29,IO_L16N_T2_12,2,12,NA,NA,HR,NA
Y27,IO_L17P_T2_12,2,12,NA,NA,HR,NA
AA27,IO_L17N_T2_12,2,12,NA,NA,HR,NA
AB26,IO_L18P_T2_12,2,12,NA,NA,HR,NA
AB27,IO_L18N_T2_12,2,12,NA,NA,HR,NA
AD29,IO_L19P_T3_12,3,12,NA,NA,HR,NA
AE30,IO_L19N_T3_VREF_12,3,12,NA,NA,HR,NA
AD28,IO_L20P_T3_12,3,12,NA,NA,HR,NA
AE28,IO_L20N_T3_12,3,12,NA,NA,HR,NA
AC28,IO_L21P_T3_DQS_12,3,12,NA,NA,HR,NA
AC29,IO_L21N_T3_DQS_12,3,12,NA,NA,HR,NA
AD26,IO_L22P_T3_12,3,12,NA,NA,HR,NA
AE27,IO_L22N_T3_12,3,12,NA,NA,HR,NA
AC26,IO_L23P_T3_12,3,12,NA,NA,HR,NA
AC27,IO_L23N_T3_12,3,12,NA,NA,HR,NA
AE25,IO_L24P_T3_12,3,12,NA,NA,HR,NA
AE26,IO_L24N_T3_12,3,12,NA,NA,HR,NA
Y26,IO_25_12,NA,12,NA,NA,HR,NA
N26,IO_0_13,NA,13,NA,NA,HR,NA
P33,IO_L1P_T0_13,0,13,NA,NA,HR,NA
N33,IO_L1N_T0_13,0,13,NA,NA,HR,NA
M31,IO_L2P_T0_13,0,13,NA,NA,HR,NA
M32,IO_L2N_T0_13,0,13,NA,NA,HR,NA
R31,IO_L3P_T0_DQS_13,0,13,NA,NA,HR,NA
P31,IO_L3N_T0_DQS_13,0,13,NA,NA,HR,NA
N34,IO_L4P_T0_13,0,13,NA,NA,HR,NA
M34,IO_L4N_T0_13,0,13,NA,NA,HR,NA
R33,IO_L5P_T0_13,0,13,NA,NA,HR,NA
P34,IO_L5N_T0_13,0,13,NA,NA,HR,NA
N31,IO_L6P_T0_13,0,13,NA,NA,HR,NA
N32,IO_L6N_T0_VREF_13,0,13,NA,NA,HR,NA
R26,IO_L7P_T1_13,1,13,NA,NA,HR,NA
P26,IO_L7N_T1_13,1,13,NA,NA,HR,NA
N27,IO_L8P_T1_13,1,13,NA,NA,HR,NA
N28,IO_L8N_T1_13,1,13,NA,NA,HR,NA
R27,IO_L9P_T1_DQS_13,1,13,NA,NA,HR,NA
R28,IO_L9N_T1_DQS_13,1,13,NA,NA,HR,NA
N29,IO_L10P_T1_13,1,13,NA,NA,HR,NA
M30,IO_L10N_T1_13,1,13,NA,NA,HR,NA
P28,IO_L11P_T1_SRCC_13,1,13,NA,NA,HR,NA
P29,IO_L11N_T1_SRCC_13,1,13,NA,NA,HR,NA
R30,IO_L12P_T1_MRCC_13,1,13,NA,NA,HR,NA
P30,IO_L12N_T1_MRCC_13,1,13,NA,NA,HR,NA
T29,IO_L13P_T2_MRCC_13,2,13,NA,NA,HR,NA
T30,IO_L13N_T2_MRCC_13,2,13,NA,NA,HR,NA
U30,IO_L14P_T2_SRCC_13,2,13,NA,NA,HR,NA
U31,IO_L14N_T2_SRCC_13,2,13,NA,NA,HR,NA
V29,IO_L15P_T2_DQS_13,2,13,NA,NA,HR,NA
U29,IO_L15N_T2_DQS_13,2,13,NA,NA,HR,NA
T27,IO_L16P_T2_13,2,13,NA,NA,HR,NA
T28,IO_L16N_T2_13,2,13,NA,NA,HR,NA
V27,IO_L17P_T2_13,2,13,NA,NA,HR,NA
V28,IO_L17N_T2_13,2,13,NA,NA,HR,NA
V26,IO_L18P_T2_13,2,13,NA,NA,HR,NA
U27,IO_L18N_T2_13,2,13,NA,NA,HR,NA
T32,IO_L19P_T3_13,3,13,NA,NA,HR,NA
R32,IO_L19N_T3_VREF_13,3,13,NA,NA,HR,NA
V31,IO_L20P_T3_13,3,13,NA,NA,HR,NA
U32,IO_L20N_T3_13,3,13,NA,NA,HR,NA
T33,IO_L21P_T3_DQS_13,3,13,NA,NA,HR,NA
T34,IO_L21N_T3_DQS_13,3,13,NA,NA,HR,NA
V32,IO_L22P_T3_13,3,13,NA,NA,HR,NA
V33,IO_L22N_T3_13,3,13,NA,NA,HR,NA
V34,IO_L23P_T3_13,3,13,NA,NA,HR,NA
U34,IO_L23N_T3_13,3,13,NA,NA,HR,NA
W33,IO_L24P_T3_13,3,13,NA,NA,HR,NA
W34,IO_L24N_T3_13,3,13,NA,NA,HR,NA
U26,IO_25_13,NA,13,NA,NA,HR,NA
M6,IO_0_VRN_33,NA,33,0,NA,HP,NA
H4,IO_L1P_T0_33,0,33,0,NA,HP,NA
G4,IO_L1N_T0_33,0,33,0,NA,HP,NA
K6,IO_L2P_T0_33,0,33,0,NA,HP,NA
J6,IO_L2N_T0_33,0,33,0,NA,HP,NA
J5,IO_L3P_T0_DQS_33,0,33,0,NA,HP,NA
J4,IO_L3N_T0_DQS_33,0,33,0,NA,HP,NA
H6,IO_L4P_T0_33,0,33,0,NA,HP,NA
G5,IO_L4N_T0_33,0,33,0,NA,HP,NA
M4,IO_L5P_T0_33,0,33,0,NA,HP,NA
L4,IO_L5N_T0_33,0,33,0,NA,HP,NA
L5,IO_L6P_T0_33,0,33,0,NA,HP,NA
K5,IO_L6N_T0_VREF_33,0,33,0,NA,HP,NA
E5,IO_L7P_T1_33,1,33,0,NA,HP,NA
D5,IO_L7N_T1_33,1,33,0,NA,HP,NA
B5,IO_L8P_T1_33,1,33,0,NA,HP,NA
A5,IO_L8N_T1_33,1,33,0,NA,HP,NA
A3,IO_L9P_T1_DQS_33,1,33,0,NA,HP,NA
A2,IO_L9N_T1_DQS_33,1,33,0,NA,HP,NA
B4,IO_L10P_T1_33,1,33,0,NA,HP,NA
A4,IO_L10N_T1_33,1,33,0,NA,HP,NA
D4,IO_L11P_T1_SRCC_33,1,33,0,NA,HP,NA
C4,IO_L11N_T1_SRCC_33,1,33,0,NA,HP,NA
F5,IO_L12P_T1_MRCC_33,1,33,0,NA,HP,NA
F4,IO_L12N_T1_MRCC_33,1,33,0,NA,HP,NA
F3,IO_L13P_T2_MRCC_33,2,33,0,NA,HP,NA
E3,IO_L13N_T2_MRCC_33,2,33,0,NA,HP,NA
D3,IO_L14P_T2_SRCC_33,2,33,0,NA,HP,NA
C3,IO_L14N_T2_SRCC_33,2,33,0,NA,HP,NA
F2,IO_L15P_T2_DQS_33,2,33,0,NA,HP,NA
E2,IO_L15N_T2_DQS_33,2,33,0,NA,HP,NA
C1,IO_L16P_T2_33,2,33,0,NA,HP,NA
B1,IO_L16N_T2_33,2,33,0,NA,HP,NA
C2,IO_L17P_T2_33,2,33,0,NA,HP,NA
B2,IO_L17N_T2_33,2,33,0,NA,HP,NA
E1,IO_L18P_T2_33,2,33,0,NA,HP,NA
D1,IO_L18N_T2_33,2,33,0,NA,HP,NA
L3,IO_L19P_T3_33,3,33,0,NA,HP,NA
K3,IO_L19N_T3_VREF_33,3,33,0,NA,HP,NA
H2,IO_L20P_T3_33,3,33,0,NA,HP,NA
G2,IO_L20N_T3_33,3,33,0,NA,HP,NA
J3,IO_L21P_T3_DQS_33,3,33,0,NA,HP,NA
H3,IO_L21N_T3_DQS_33,3,33,0,NA,HP,NA
H1,IO_L22P_T3_33,3,33,0,NA,HP,NA
G1,IO_L22N_T3_33,3,33,0,NA,HP,NA
L2,IO_L23P_T3_33,3,33,0,NA,HP,NA
K2,IO_L23N_T3_33,3,33,0,NA,HP,NA
K1,IO_L24P_T3_33,3,33,0,NA,HP,NA
J1,IO_L24N_T3_33,3,33,0,NA,HP,NA
M5,IO_25_VRP_33,NA,33,0,NA,HP,NA
M9,IO_0_VRN_34,NA,34,0,NA,HP,NA
K11,IO_L1P_T0_34,0,34,0,NA,HP,NA
K10,IO_L1N_T0_34,0,34,0,NA,HP,NA
J11,IO_L2P_T0_34,0,34,0,NA,HP,NA
J10,IO_L2N_T0_34,0,34,0,NA,HP,NA
G9,IO_L3P_T0_DQS_PUDC_B_34,0,34,0,NA,HP,NA
F9,IO_L3N_T0_DQS_34,0,34,0,NA,HP,NA
H11,IO_L4P_T0_34,0,34,0,NA,HP,NA
G11,IO_L4N_T0_34,0,34,0,NA,HP,NA
J9,IO_L5P_T0_34,0,34,0,NA,HP,NA
H9,IO_L5N_T0_34,0,34,0,NA,HP,NA
G10,IO_L6P_T0_34,0,34,0,NA,HP,NA
F10,IO_L6N_T0_VREF_34,0,34,0,NA,HP,NA
B10,IO_L7P_T1_34,1,34,0,NA,HP,NA
A10,IO_L7N_T1_34,1,34,0,NA,HP,NA
E11,IO_L8P_T1_34,1,34,0,NA,HP,NA
D11,IO_L8N_T1_34,1,34,0,NA,HP,NA
B9,IO_L9P_T1_DQS_34,1,34,0,NA,HP,NA
A9,IO_L9N_T1_DQS_34,1,34,0,NA,HP,NA
C11,IO_L10P_T1_34,1,34,0,NA,HP,NA
B11,IO_L10N_T1_34,1,34,0,NA,HP,NA
D9,IO_L11P_T1_SRCC_34,1,34,0,NA,HP,NA
C9,IO_L11N_T1_SRCC_34,1,34,0,NA,HP,NA
E10,IO_L12P_T1_MRCC_34,1,34,0,NA,HP,NA
D10,IO_L12N_T1_MRCC_34,1,34,0,NA,HP,NA
E8,IO_L13P_T2_MRCC_34,2,34,0,NA,HP,NA
E7,IO_L13N_T2_MRCC_34,2,34,0,NA,HP,NA
D8,IO_L14P_T2_SRCC_34,2,34,0,NA,HP,NA
C8,IO_L14N_T2_SRCC_34,2,34,0,NA,HP,NA
C7,IO_L15P_T2_DQS_34,2,34,0,NA,HP,NA
B7,IO_L15N_T2_DQS_34,2,34,0,NA,HP,NA
A8,IO_L16P_T2_34,2,34,0,NA,HP,NA
A7,IO_L16N_T2_34,2,34,0,NA,HP,NA
C6,IO_L17P_T2_34,2,34,0,NA,HP,NA
B6,IO_L17N_T2_34,2,34,0,NA,HP,NA
E6,IO_L18P_T2_34,2,34,0,NA,HP,NA
D6,IO_L18N_T2_34,2,34,0,NA,HP,NA
L9,IO_L19P_T3_34,3,34,0,NA,HP,NA
L8,IO_L19N_T3_VREF_34,3,34,0,NA,HP,NA
H8,IO_L20P_T3_34,3,34,0,NA,HP,NA
H7,IO_L20N_T3_34,3,34,0,NA,HP,NA
L7,IO_L21P_T3_DQS_34,3,34,0,NA,HP,NA
K7,IO_L21N_T3_DQS_34,3,34,0,NA,HP,NA
F8,IO_L22P_T3_34,3,34,0,NA,HP,NA
F7,IO_L22N_T3_34,3,34,0,NA,HP,NA
K8,IO_L23P_T3_34,3,34,0,NA,HP,NA
J8,IO_L23N_T3_34,3,34,0,NA,HP,NA
G7,IO_L24P_T3_34,3,34,0,NA,HP,NA
G6,IO_L24N_T3_34,3,34,0,NA,HP,NA
M7,IO_25_VRP_34,NA,34,0,NA,HP,NA
H12,IO_0_VRN_35,NA,35,0,NA,HP,NA
H16,IO_L1P_T0_AD0P_35,0,35,0,NA,HP,NA
G16,IO_L1N_T0_AD0N_35,0,35,0,NA,HP,NA
J16,IO_L2P_T0_AD8P_35,0,35,0,NA,HP,NA
J15,IO_L2N_T0_AD8N_35,0,35,0,NA,HP,NA
F17,IO_L3P_T0_DQS_AD1P_35,0,35,0,NA,HP,NA
E17,IO_L3N_T0_DQS_AD1N_35,0,35,0,NA,HP,NA
J18,IO_L4P_T0_35,0,35,0,NA,HP,NA
H18,IO_L4N_T0_35,0,35,0,NA,HP,NA
F18,IO_L5P_T0_AD9P_35,0,35,0,NA,HP,NA
E18,IO_L5N_T0_AD9N_35,0,35,0,NA,HP,NA
H17,IO_L6P_T0_35,0,35,0,NA,HP,NA
G17,IO_L6N_T0_VREF_35,0,35,0,NA,HP,NA
A18,IO_L7P_T1_AD2P_35,1,35,0,NA,HP,NA
A17,IO_L7N_T1_AD2N_35,1,35,0,NA,HP,NA
D18,IO_L8P_T1_AD10P_35,1,35,0,NA,HP,NA
C18,IO_L8N_T1_AD10N_35,1,35,0,NA,HP,NA
C16,IO_L9P_T1_DQS_AD3P_35,1,35,0,NA,HP,NA
B16,IO_L9N_T1_DQS_AD3N_35,1,35,0,NA,HP,NA
C17,IO_L10P_T1_AD11P_35,1,35,0,NA,HP,NA
B17,IO_L10N_T1_AD11N_35,1,35,0,NA,HP,NA
E15,IO_L11P_T1_SRCC_35,1,35,0,NA,HP,NA
D15,IO_L11N_T1_SRCC_35,1,35,0,NA,HP,NA
E16,IO_L12P_T1_MRCC_35,1,35,0,NA,HP,NA
D16,IO_L12N_T1_MRCC_35,1,35,0,NA,HP,NA
D14,IO_L13P_T2_MRCC_35,2,35,0,NA,HP,NA
C14,IO_L13N_T2_MRCC_35,2,35,0,NA,HP,NA
D13,IO_L14P_T2_AD4P_SRCC_35,2,35,0,NA,HP,NA
C13,IO_L14N_T2_AD4N_SRCC_35,2,35,0,NA,HP,NA
B14,IO_L15P_T2_DQS_AD12P_35,2,35,0,NA,HP,NA
A14,IO_L15N_T2_DQS_AD12N_35,2,35,0,NA,HP,NA
B15,IO_L16P_T2_35,2,35,0,NA,HP,NA
A15,IO_L16N_T2_35,2,35,0,NA,HP,NA
A13,IO_L17P_T2_AD5P_35,2,35,0,NA,HP,NA
A12,IO_L17N_T2_AD5N_35,2,35,0,NA,HP,NA
C12,IO_L18P_T2_AD13P_35,2,35,0,NA,HP,NA
B12,IO_L18N_T2_AD13N_35,2,35,0,NA,HP,NA
G15,IO_L19P_T3_35,3,35,0,NA,HP,NA
G14,IO_L19N_T3_VREF_35,3,35,0,NA,HP,NA
J14,IO_L20P_T3_AD6P_35,3,35,0,NA,HP,NA
H14,IO_L20N_T3_AD6N_35,3,35,0,NA,HP,NA
H13,IO_L21P_T3_DQS_AD14P_35,3,35,0,NA,HP,NA
G12,IO_L21N_T3_DQS_AD14N_35,3,35,0,NA,HP,NA
F13,IO_L22P_T3_AD7P_35,3,35,0,NA,HP,NA
E13,IO_L22N_T3_AD7N_35,3,35,0,NA,HP,NA
F15,IO_L23P_T3_35,3,35,0,NA,HP,NA
F14,IO_L23N_T3_35,3,35,0,NA,HP,NA
F12,IO_L24P_T3_AD15P_35,3,35,0,NA,HP,NA
E12,IO_L24N_T3_AD15N_35,3,35,0,NA,HP,NA
J13,IO_25_VRP_35,NA,35,0,NA,HP,NA
AK2,MGTXTXP3_109,NA,109,NA,NA,GTX,NA
AN4,MGTXRXP3_109,NA,109,NA,NA,GTX,NA
AK1,MGTXTXN3_109,NA,109,NA,NA,GTX,NA
AN3,MGTXRXN3_109,NA,109,NA,NA,GTX,NA
AL4,MGTXTXP2_109,NA,109,NA,NA,GTX,NA
AM6,MGTXRXP2_109,NA,109,NA,NA,GTX,NA
AL3,MGTXTXN2_109,NA,109,NA,NA,GTX,NA
AJ8,MGTREFCLK0P_109,NA,109,NA,NA,GTX,NA
AM5,MGTXRXN2_109,NA,109,NA,NA,GTX,NA
AJ7,MGTREFCLK0N_109,NA,109,NA,NA,GTX,NA
AL7,MGTREFCLK1N_109,NA,109,NA,NA,GTX,NA
AL8,MGTREFCLK1P_109,NA,109,NA,NA,GTX,NA
AM2,MGTXTXP1_109,NA,109,NA,NA,GTX,NA
AP6,MGTXRXP1_109,NA,109,NA,NA,GTX,NA
AM1,MGTXTXN1_109,NA,109,NA,NA,GTX,NA
AP5,MGTXRXN1_109,NA,109,NA,NA,GTX,NA
AP2,MGTXTXP0_109,NA,109,NA,NA,GTX,NA
AN8,MGTXRXP0_109,NA,109,NA,NA,GTX,NA
AP1,MGTXTXN0_109,NA,109,NA,NA,GTX,NA
AN7,MGTXRXN0_109,NA,109,NA,NA,GTX,NA
AE4,MGTXTXP3_110,NA,110,NA,NA,GTX,NA
AF6,MGTXRXP3_110,NA,110,NA,NA,GTX,NA
AE3,MGTXTXN3_110,NA,110,NA,NA,GTX,NA
AF5,MGTXRXN3_110,NA,110,NA,NA,GTX,NA
AF2,MGTXTXP2_110,NA,110,NA,NA,GTX,NA
AH6,MGTXRXP2_110,NA,110,NA,NA,GTX,NA
AF1,MGTXTXN2_110,NA,110,NA,NA,GTX,NA
AE8,MGTREFCLK0P_110,NA,110,NA,NA,GTX,NA
AH5,MGTXRXN2_110,NA,110,NA,NA,GTX,NA
AE7,MGTREFCLK0N_110,NA,110,NA,NA,GTX,NA
AG7,MGTREFCLK1N_110,NA,110,NA,NA,GTX,NA
AG8,MGTREFCLK1P_110,NA,110,NA,NA,GTX,NA
AG4,MGTXTXP1_110,NA,110,NA,NA,GTX,NA
AJ4,MGTXRXP1_110,NA,110,NA,NA,GTX,NA
AG3,MGTXTXN1_110,NA,110,NA,NA,GTX,NA
AJ3,MGTXRXN1_110,NA,110,NA,NA,GTX,NA
AH2,MGTXTXP0_110,NA,110,NA,NA,GTX,NA
AK6,MGTXRXP0_110,NA,110,NA,NA,GTX,NA
AH1,MGTXTXN0_110,NA,110,NA,NA,GTX,NA
AK5,MGTXRXN0_110,NA,110,NA,NA,GTX,NA
Y2,MGTXTXP3_111,NA,111,NA,NA,GTX,NA
Y6,MGTXRXP3_111,NA,111,NA,NA,GTX,NA
Y1,MGTXTXN3_111,NA,111,NA,NA,GTX,NA
Y5,MGTXRXN3_111,NA,111,NA,NA,GTX,NA
AA4,MGTXTXP2_111,NA,111,NA,NA,GTX,NA
AB6,MGTXRXP2_111,NA,111,NA,NA,GTX,NA
AA3,MGTXTXN2_111,NA,111,NA,NA,GTX,NA
Y8,MGTREFCLK0P_111,NA,111,NA,NA,GTX,NA
AB5,MGTXRXN2_111,NA,111,NA,NA,GTX,NA
Y7,MGTREFCLK0N_111,NA,111,NA,NA,GTX,NA
AC7,MGTREFCLK1N_111,NA,111,NA,NA,GTX,NA
AC8,MGTREFCLK1P_111,NA,111,NA,NA,GTX,NA
AB2,MGTXTXP1_111,NA,111,NA,NA,GTX,NA
AC4,MGTXRXP1_111,NA,111,NA,NA,GTX,NA
AB1,MGTXTXN1_111,NA,111,NA,NA,GTX,NA
AC3,MGTXRXN1_111,NA,111,NA,NA,GTX,NA
AD2,MGTXTXP0_111,NA,111,NA,NA,GTX,NA
AD6,MGTXRXP0_111,NA,111,NA,NA,GTX,NA
AD1,MGTXTXN0_111,NA,111,NA,NA,GTX,NA
AD5,MGTXRXN0_111,NA,111,NA,NA,GTX,NA
P2,MGTXTXP3_112,NA,112,NA,NA,GTX,NA
T6,MGTXRXP3_112,NA,112,NA,NA,GTX,NA
P1,MGTXTXN3_112,NA,112,NA,NA,GTX,NA
T5,MGTXRXN3_112,NA,112,NA,NA,GTX,NA
R4,MGTXTXP2_112,NA,112,NA,NA,GTX,NA
U4,MGTXRXP2_112,NA,112,NA,NA,GTX,NA
R3,MGTXTXN2_112,NA,112,NA,NA,GTX,NA
R8,MGTREFCLK0P_112,NA,112,NA,NA,GTX,NA
U3,MGTXRXN2_112,NA,112,NA,NA,GTX,NA
AN10,MGTAVTTRCAL_112,NA,112,NA,NA,GTX,NA
R7,MGTREFCLK0N_112,NA,112,NA,NA,GTX,NA
AP10,MGTRREF_112,NA,112,NA,NA,GTX,NA
U7,MGTREFCLK1N_112,NA,112,NA,NA,GTX,NA
U8,MGTREFCLK1P_112,NA,112,NA,NA,GTX,NA
T2,MGTXTXP1_112,NA,112,NA,NA,GTX,NA
V6,MGTXRXP1_112,NA,112,NA,NA,GTX,NA
T1,MGTXTXN1_112,NA,112,NA,NA,GTX,NA
V5,MGTXRXN1_112,NA,112,NA,NA,GTX,NA
V2,MGTXTXP0_112,NA,112,NA,NA,GTX,NA
W4,MGTXRXP0_112,NA,112,NA,NA,GTX,NA
V1,MGTXTXN0_112,NA,112,NA,NA,GTX,NA
W3,MGTXRXN0_112,NA,112,NA,NA,GTX,NA
F24,PS_POR_B_500,NA,500,NA,NA,MIO,NA
H24,PS_CLK_500,NA,500,NA,NA,MIO,NA
J25,PS_MIO0_500,NA,500,NA,NA,MIO,NA
C26,PS_MIO1_500,NA,500,NA,NA,MIO,NA
J26,PS_MIO2_500,NA,500,NA,NA,MIO,NA
D26,PS_MIO3_500,NA,500,NA,NA,MIO,NA
E26,PS_MIO4_500,NA,500,NA,NA,MIO,NA
B27,PS_MIO5_500,NA,500,NA,NA,MIO,NA
F25,PS_MIO6_500,NA,500,NA,NA,MIO,NA
E25,PS_MIO7_500,NA,500,NA,NA,MIO,NA
G24,PS_MIO8_500,NA,500,NA,NA,MIO,NA
G25,PS_MIO9_500,NA,500,NA,NA,MIO,NA
D25,PS_MIO10_500,NA,500,NA,NA,MIO,NA
B26,PS_MIO11_500,NA,500,NA,NA,MIO,NA
D24,PS_MIO12_500,NA,500,NA,NA,MIO,NA
A27,PS_MIO13_500,NA,500,NA,NA,MIO,NA
A25,PS_MIO14_500,NA,500,NA,NA,MIO,NA
B25,PS_MIO15_500,NA,500,NA,NA,MIO,NA
G22,PS_MIO53_501,NA,501,NA,NA,MIO,NA
B24,PS_MIO52_501,NA,501,NA,NA,MIO,NA
A24,PS_MIO51_501,NA,501,NA,NA,MIO,NA
D23,PS_MIO50_501,NA,501,NA,NA,MIO,NA
F22,PS_MIO49_501,NA,501,NA,NA,MIO,NA
C23,PS_MIO48_501,NA,501,NA,NA,MIO,NA
H22,PS_MIO47_501,NA,501,NA,NA,MIO,NA
C22,PS_MIO46_501,NA,501,NA,NA,MIO,NA
E22,PS_MIO45_501,NA,501,NA,NA,MIO,NA
A23,PS_MIO44_501,NA,501,NA,NA,MIO,NA
D21,PS_MIO43_501,NA,501,NA,NA,MIO,NA
B22,PS_MIO42_501,NA,501,NA,NA,MIO,NA
A22,PS_MIO41_501,NA,501,NA,NA,MIO,NA
G21,PS_MIO40_501,NA,501,NA,NA,MIO,NA
H21,PS_MIO39_501,NA,501,NA,NA,MIO,NA
H23,PS_MIO38_501,NA,501,NA,NA,MIO,NA
J21,PS_MIO37_501,NA,501,NA,NA,MIO,NA
A20,PS_MIO36_501,NA,501,NA,NA,MIO,NA
C21,PS_MIO35_501,NA,501,NA,NA,MIO,NA
B20,PS_MIO34_501,NA,501,NA,NA,MIO,NA
B21,PS_MIO33_501,NA,501,NA,NA,MIO,NA
D20,PS_MIO32_501,NA,501,NA,NA,MIO,NA
F23,PS_MIO31_501,NA,501,NA,NA,MIO,NA
E20,PS_MIO30_501,NA,501,NA,NA,MIO,NA
E23,PS_MIO29_501,NA,501,NA,NA,MIO,NA
F20,PS_MIO28_501,NA,501,NA,NA,MIO,NA
J23,PS_MIO27_501,NA,501,NA,NA,MIO,NA
G20,PS_MIO26_501,NA,501,NA,NA,MIO,NA
J24,PS_MIO25_501,NA,501,NA,NA,MIO,NA
J20,PS_MIO24_501,NA,501,NA,NA,MIO,NA
F19,PS_MIO23_501,NA,501,NA,NA,MIO,NA
A19,PS_MIO22_501,NA,501,NA,NA,MIO,NA
H19,PS_MIO21_501,NA,501,NA,NA,MIO,NA
B19,PS_MIO20_501,NA,501,NA,NA,MIO,NA
G19,PS_MIO19_501,NA,501,NA,NA,MIO,NA
C19,PS_MIO18_501,NA,501,NA,NA,MIO,NA
J19,PS_MIO17_501,NA,501,NA,NA,MIO,NA
D19,PS_MIO16_501,NA,501,NA,NA,MIO,NA
C24,PS_SRST_B_501,NA,501,NA,NA,MIO,NA
E21,PS_MIO_VREF_501,NA,501,NA,NA,MIO,NA
K26,PS_DDR_DRST_B_502,NA,502,NA,NA,DDR,NA
C27,PS_DDR_DQ1_502,NA,502,NA,NA,DDR,NA
A28,PS_DDR_DQ0_502,NA,502,NA,NA,DDR,NA
D28,PS_DDR_DQ3_502,NA,502,NA,NA,DDR,NA
A29,PS_DDR_DQ2_502,NA,502,NA,NA,DDR,NA
D30,PS_DDR_DM0_502,NA,502,NA,NA,DDR,NA
B29,PS_DDR_DQS_N0_502,NA,502,NA,NA,DDR,NA
C29,PS_DDR_DQS_P0_502,NA,502,NA,NA,DDR,NA
C28,PS_DDR_DQ5_502,NA,502,NA,NA,DDR,NA
A30,PS_DDR_DQ4_502,NA,502,NA,NA,DDR,NA
B30,PS_DDR_DQ7_502,NA,502,NA,NA,DDR,NA
D29,PS_DDR_DQ6_502,NA,502,NA,NA,DDR,NA
B31,PS_DDR_DQ9_502,NA,502,NA,NA,DDR,NA
A33,PS_DDR_DQ8_502,NA,502,NA,NA,DDR,NA
A32,PS_DDR_DQ11_502,NA,502,NA,NA,DDR,NA
A34,PS_DDR_DQ10_502,NA,502,NA,NA,DDR,NA
B34,PS_DDR_DM1_502,NA,502,NA,NA,DDR,NA
B32,PS_DDR_DQS_N1_502,NA,502,NA,NA,DDR,NA
C32,PS_DDR_DQS_P1_502,NA,502,NA,NA,DDR,NA
C34,PS_DDR_DQ13_502,NA,502,NA,NA,DDR,NA
C31,PS_DDR_DQ12_502,NA,502,NA,NA,DDR,NA
C33,PS_DDR_DQ15_502,NA,502,NA,NA,DDR,NA
D31,PS_DDR_DQ14_502,NA,502,NA,NA,DDR,NA
F28,PS_DDR_A13_502,NA,502,NA,NA,DDR,NA
G29,PS_DDR_A14_502,NA,502,NA,NA,DDR,NA
F29,PS_DDR_A11_502,NA,502,NA,NA,DDR,NA
H26,PS_DDR_A12_502,NA,502,NA,NA,DDR,NA
G27,PS_DDR_A9_502,NA,502,NA,NA,DDR,NA
F27,PS_DDR_A10_502,NA,502,NA,NA,DDR,NA
G26,PS_DDR_A7_502,NA,502,NA,NA,DDR,NA
E30,PS_DDR_A8_502,NA,502,NA,NA,DDR,NA
E27,PS_DDR_A5_502,NA,502,NA,NA,DDR,NA
F30,PS_DDR_A6_502,NA,502,NA,NA,DDR,NA
E28,PS_DDR_A3_502,NA,502,NA,NA,DDR,NA
G30,PS_DDR_A4_502,NA,502,NA,NA,DDR,NA
L27,PS_DDR_VRP_502,NA,502,NA,NA,DDR,NA
L28,PS_DDR_VRN_502,NA,502,NA,NA,DDR,NA
J28,PS_DDR_CKP_502,NA,502,NA,NA,DDR,NA
H28,PS_DDR_CKN_502,NA,502,NA,NA,DDR,NA
J29,PS_DDR_A2_502,NA,502,NA,NA,DDR,NA
H27,PS_DDR_A1_502,NA,502,NA,NA,DDR,NA
H29,PS_DDR_A0_502,NA,502,NA,NA,DDR,NA
J30,PS_DDR_BA2_502,NA,502,NA,NA,DDR,NA
J31,PS_DDR_BA1_502,NA,502,NA,NA,DDR,NA
K31,PS_DDR_BA0_502,NA,502,NA,NA,DDR,NA
K30,PS_DDR_ODT_502,NA,502,NA,NA,DDR,NA
K28,PS_DDR_CS_B_502,NA,502,NA,NA,DDR,NA
M26,PS_DDR_CKE_502,NA,502,NA,NA,DDR,NA
L30,PS_DDR_WE_B_502,NA,502,NA,NA,DDR,NA
L29,PS_DDR_CAS_B_502,NA,502,NA,NA,DDR,NA
M29,PS_DDR_RAS_B_502,NA,502,NA,NA,DDR,NA
G31,PS_DDR_DQ16_502,NA,502,NA,NA,DDR,NA
E31,PS_DDR_DQ17_502,NA,502,NA,NA,DDR,NA
G32,PS_DDR_DQ18_502,NA,502,NA,NA,DDR,NA
D33,PS_DDR_DQ19_502,NA,502,NA,NA,DDR,NA
G34,PS_DDR_DM2_502,NA,502,NA,NA,DDR,NA
F32,PS_DDR_DQS_P2_502,NA,502,NA,NA,DDR,NA
E32,PS_DDR_DQS_N2_502,NA,502,NA,NA,DDR,NA
E33,PS_DDR_DQ20_502,NA,502,NA,NA,DDR,NA
F33,PS_DDR_DQ21_502,NA,502,NA,NA,DDR,NA
D34,PS_DDR_DQ22_502,NA,502,NA,NA,DDR,NA
F34,PS_DDR_DQ23_502,NA,502,NA,NA,DDR,NA
H34,PS_DDR_DQ24_502,NA,502,NA,NA,DDR,NA
H32,PS_DDR_DQ25_502,NA,502,NA,NA,DDR,NA
J34,PS_DDR_DQ26_502,NA,502,NA,NA,DDR,NA
H33,PS_DDR_DQ27_502,NA,502,NA,NA,DDR,NA
H31,PS_DDR_DM3_502,NA,502,NA,NA,DDR,NA
K33,PS_DDR_DQS_P3_502,NA,502,NA,NA,DDR,NA
J33,PS_DDR_DQS_N3_502,NA,502,NA,NA,DDR,NA
L34,PS_DDR_DQ28_502,NA,502,NA,NA,DDR,NA
K32,PS_DDR_DQ29_502,NA,502,NA,NA,DDR,NA
L32,PS_DDR_DQ30_502,NA,502,NA,NA,DDR,NA
L33,PS_DDR_DQ31_502,NA,502,NA,NA,DDR,NA
A1,GND,NA,NA,NA,NA,NA,NA
A11,GND,NA,NA,NA,NA,NA,NA
A21,GND,NA,NA,NA,NA,NA,NA
A31,GND,NA,NA,NA,NA,NA,NA
AA1,GND,NA,NA,NA,NA,NA,NA
AA5,GND,NA,NA,NA,NA,NA,NA
AA7,GND,NA,NA,NA,NA,NA,NA
AA9,GND,NA,NA,NA,NA,NA,NA
AA11,GND,NA,NA,NA,NA,NA,NA
AA13,GND,NA,NA,NA,NA,NA,NA
AA15,GND,NA,NA,NA,NA,NA,NA
AA17,GND,NA,NA,NA,NA,NA,NA
AA19,GND,NA,NA,NA,NA,NA,NA
AA21,GND,NA,NA,NA,NA,NA,NA
AA23,GND,NA,NA,NA,NA,NA,NA
AA25,GND,NA,NA,NA,NA,NA,NA
AA31,GND,NA,NA,NA,NA,NA,NA
AB3,GND,NA,NA,NA,NA,NA,NA
AB8,GND,NA,NA,NA,NA,NA,NA
AB9,GND,NA,NA,NA,NA,NA,NA
AB10,GND,NA,NA,NA,NA,NA,NA
AB12,GND,NA,NA,NA,NA,NA,NA
AB14,GND,NA,NA,NA,NA,NA,NA
AB16,GND,NA,NA,NA,NA,NA,NA
AB18,GND,NA,NA,NA,NA,NA,NA
AB20,GND,NA,NA,NA,NA,NA,NA
AB22,GND,NA,NA,NA,NA,NA,NA
AB24,GND,NA,NA,NA,NA,NA,NA
AB28,GND,NA,NA,NA,NA,NA,NA
AC1,GND,NA,NA,NA,NA,NA,NA
AC5,GND,NA,NA,NA,NA,NA,NA
AC9,GND,NA,NA,NA,NA,NA,NA
AC11,GND,NA,NA,NA,NA,NA,NA
AC13,GND,NA,NA,NA,NA,NA,NA
AC15,GND,NA,NA,NA,NA,NA,NA
AC17,GND,NA,NA,NA,NA,NA,NA
AC19,GND,NA,NA,NA,NA,NA,NA
AC21,GND,NA,NA,NA,NA,NA,NA
AC23,GND,NA,NA,NA,NA,NA,NA
AC25,GND,NA,NA,NA,NA,NA,NA
AD3,GND,NA,NA,NA,NA,NA,NA
AD7,GND,NA,NA,NA,NA,NA,NA
AD9,GND,NA,NA,NA,NA,NA,NA
AD10,GND,NA,NA,NA,NA,NA,NA
AD12,GND,NA,NA,NA,NA,NA,NA
AD14,GND,NA,NA,NA,NA,NA,NA
AD16,GND,NA,NA,NA,NA,NA,NA
AD18,GND,NA,NA,NA,NA,NA,NA
AD20,GND,NA,NA,NA,NA,NA,NA
AD22,GND,NA,NA,NA,NA,NA,NA
AD24,GND,NA,NA,NA,NA,NA,NA
AD32,GND,NA,NA,NA,NA,NA,NA
AE1,GND,NA,NA,NA,NA,NA,NA
AE5,GND,NA,NA,NA,NA,NA,NA
AE9,GND,NA,NA,NA,NA,NA,NA
AE11,GND,NA,NA,NA,NA,NA,NA
AE13,GND,NA,NA,NA,NA,NA,NA
AE15,GND,NA,NA,NA,NA,NA,NA
AE17,GND,NA,NA,NA,NA,NA,NA
AE19,GND,NA,NA,NA,NA,NA,NA
AE21,GND,NA,NA,NA,NA,NA,NA
AE23,GND,NA,NA,NA,NA,NA,NA
AE29,GND,NA,NA,NA,NA,NA,NA
AF3,GND,NA,NA,NA,NA,NA,NA
AF7,GND,NA,NA,NA,NA,NA,NA
AF9,GND,NA,NA,NA,NA,NA,NA
AF10,GND,NA,NA,NA,NA,NA,NA
AF12,GND,NA,NA,NA,NA,NA,NA
AF14,GND,NA,NA,NA,NA,NA,NA
AF16,GND,NA,NA,NA,NA,NA,NA
AF18,GND,NA,NA,NA,NA,NA,NA
AF20,GND,NA,NA,NA,NA,NA,NA
AF22,GND,NA,NA,NA,NA,NA,NA
AF26,GND,NA,NA,NA,NA,NA,NA
AG1,GND,NA,NA,NA,NA,NA,NA
AG5,GND,NA,NA,NA,NA,NA,NA
AG9,GND,NA,NA,NA,NA,NA,NA
AG13,GND,NA,NA,NA,NA,NA,NA
AG15,GND,NA,NA,NA,NA,NA,NA
AG17,GND,NA,NA,NA,NA,NA,NA
AG19,GND,NA,NA,NA,NA,NA,NA
AG23,GND,NA,NA,NA,NA,NA,NA
AG33,GND,NA,NA,NA,NA,NA,NA
AH3,GND,NA,NA,NA,NA,NA,NA
AH7,GND,NA,NA,NA,NA,NA,NA
AH9,GND,NA,NA,NA,NA,NA,NA
AH10,GND,NA,NA,NA,NA,NA,NA
AH20,GND,NA,NA,NA,NA,NA,NA
AH30,GND,NA,NA,NA,NA,NA,NA
AJ1,GND,NA,NA,NA,NA,NA,NA
AJ5,GND,NA,NA,NA,NA,NA,NA
AJ9,GND,NA,NA,NA,NA,NA,NA
AJ17,GND,NA,NA,NA,NA,NA,NA
AJ27,GND,NA,NA,NA,NA,NA,NA
AK3,GND,NA,NA,NA,NA,NA,NA
AK7,GND,NA,NA,NA,NA,NA,NA
AK9,GND,NA,NA,NA,NA,NA,NA
AK14,GND,NA,NA,NA,NA,NA,NA
AK24,GND,NA,NA,NA,NA,NA,NA
AK34,GND,NA,NA,NA,NA,NA,NA
AL1,GND,NA,NA,NA,NA,NA,NA
AL5,GND,NA,NA,NA,NA,NA,NA
AL9,GND,NA,NA,NA,NA,NA,NA
AL11,GND,NA,NA,NA,NA,NA,NA
AL21,GND,NA,NA,NA,NA,NA,NA
AL31,GND,NA,NA,NA,NA,NA,NA
AM3,GND,NA,NA,NA,NA,NA,NA
AM7,GND,NA,NA,NA,NA,NA,NA
AM9,GND,NA,NA,NA,NA,NA,NA
AM18,GND,NA,NA,NA,NA,NA,NA
AM28,GND,NA,NA,NA,NA,NA,NA
AN1,GND,NA,NA,NA,NA,NA,NA
AN5,GND,NA,NA,NA,NA,NA,NA
AN9,GND,NA,NA,NA,NA,NA,NA
AN15,GND,NA,NA,NA,NA,NA,NA
AN25,GND,NA,NA,NA,NA,NA,NA
AP3,GND,NA,NA,NA,NA,NA,NA
AP4,GND,NA,NA,NA,NA,NA,NA
AP7,GND,NA,NA,NA,NA,NA,NA
AP8,GND,NA,NA,NA,NA,NA,NA
AP9,GND,NA,NA,NA,NA,NA,NA
AP12,GND,NA,NA,NA,NA,NA,NA
AP22,GND,NA,NA,NA,NA,NA,NA
AP32,GND,NA,NA,NA,NA,NA,NA
B8,GND,NA,NA,NA,NA,NA,NA
B18,GND,NA,NA,NA,NA,NA,NA
B28,GND,NA,NA,NA,NA,NA,NA
C5,GND,NA,NA,NA,NA,NA,NA
C15,GND,NA,NA,NA,NA,NA,NA
C25,GND,NA,NA,NA,NA,NA,NA
D2,GND,NA,NA,NA,NA,NA,NA
D12,GND,NA,NA,NA,NA,NA,NA
D22,GND,NA,NA,NA,NA,NA,NA
D32,GND,NA,NA,NA,NA,NA,NA
E9,GND,NA,NA,NA,NA,NA,NA
E19,GND,NA,NA,NA,NA,NA,NA
E29,GND,NA,NA,NA,NA,NA,NA
F6,GND,NA,NA,NA,NA,NA,NA
F16,GND,NA,NA,NA,NA,NA,NA
F26,GND,NA,NA,NA,NA,NA,NA
G3,GND,NA,NA,NA,NA,NA,NA
G13,GND,NA,NA,NA,NA,NA,NA
G23,GND,NA,NA,NA,NA,NA,NA
G33,GND,NA,NA,NA,NA,NA,NA
H10,GND,NA,NA,NA,NA,NA,NA
H20,GND,NA,NA,NA,NA,NA,NA
H30,GND,NA,NA,NA,NA,NA,NA
J7,GND,NA,NA,NA,NA,NA,NA
J17,GND,NA,NA,NA,NA,NA,NA
J27,GND,NA,NA,NA,NA,NA,NA
K4,GND,NA,NA,NA,NA,NA,NA
K12,GND,NA,NA,NA,NA,NA,NA
K14,GND,NA,NA,NA,NA,NA,NA
K16,GND,NA,NA,NA,NA,NA,NA
K18,GND,NA,NA,NA,NA,NA,NA
K20,GND,NA,NA,NA,NA,NA,NA
K22,GND,NA,NA,NA,NA,NA,NA
K24,GND,NA,NA,NA,NA,NA,NA
K34,GND,NA,NA,NA,NA,NA,NA
L1,GND,NA,NA,NA,NA,NA,NA
L11,GND,NA,NA,NA,NA,NA,NA
L13,GND,NA,NA,NA,NA,NA,NA
L15,GND,NA,NA,NA,NA,NA,NA
L17,GND,NA,NA,NA,NA,NA,NA
L19,GND,NA,NA,NA,NA,NA,NA
L21,GND,NA,NA,NA,NA,NA,NA
L23,GND,NA,NA,NA,NA,NA,NA
L25,GND,NA,NA,NA,NA,NA,NA
L31,GND,NA,NA,NA,NA,NA,NA
M1,GND,NA,NA,NA,NA,NA,NA
M2,GND,NA,NA,NA,NA,NA,NA
M3,GND,NA,NA,NA,NA,NA,NA
M8,GND,NA,NA,NA,NA,NA,NA
M10,GND,NA,NA,NA,NA,NA,NA
M12,GND,NA,NA,NA,NA,NA,NA
M14,GND,NA,NA,NA,NA,NA,NA
M16,GND,NA,NA,NA,NA,NA,NA
M18,GND,NA,NA,NA,NA,NA,NA
M20,GND,NA,NA,NA,NA,NA,NA
M22,GND,NA,NA,NA,NA,NA,NA
M24,GND,NA,NA,NA,NA,NA,NA
M28,GND,NA,NA,NA,NA,NA,NA
N1,GND,NA,NA,NA,NA,NA,NA
N3,GND,NA,NA,NA,NA,NA,NA
N4,GND,NA,NA,NA,NA,NA,NA
N5,GND,NA,NA,NA,NA,NA,NA
N11,GND,NA,NA,NA,NA,NA,NA
N13,GND,NA,NA,NA,NA,NA,NA
N15,GND,NA,NA,NA,NA,NA,NA
N17,GND,NA,NA,NA,NA,NA,NA
N19,GND,NA,NA,NA,NA,NA,NA
N21,GND,NA,NA,NA,NA,NA,NA
N23,GND,NA,NA,NA,NA,NA,NA
N25,GND,NA,NA,NA,NA,NA,NA
P3,GND,NA,NA,NA,NA,NA,NA
P5,GND,NA,NA,NA,NA,NA,NA
P6,GND,NA,NA,NA,NA,NA,NA
P7,GND,NA,NA,NA,NA,NA,NA
P8,GND,NA,NA,NA,NA,NA,NA
P9,GND,NA,NA,NA,NA,NA,NA
P10,GND,NA,NA,NA,NA,NA,NA
P12,GND,NA,NA,NA,NA,NA,NA
P14,GND,NA,NA,NA,NA,NA,NA
P16,GND,NA,NA,NA,NA,NA,NA
P18,GND,NA,NA,NA,NA,NA,NA
P20,GND,NA,NA,NA,NA,NA,NA
P22,GND,NA,NA,NA,NA,NA,NA
P24,GND,NA,NA,NA,NA,NA,NA
P32,GND,NA,NA,NA,NA,NA,NA
R1,GND,NA,NA,NA,NA,NA,NA
R5,GND,NA,NA,NA,NA,NA,NA
R9,GND,NA,NA,NA,NA,NA,NA
R11,GND,NA,NA,NA,NA,NA,NA
R13,GND,NA,NA,NA,NA,NA,NA
R15,GND,NA,NA,NA,NA,NA,NA
R17,GND,NA,NA,NA,NA,NA,NA
R19,GND,NA,NA,NA,NA,NA,NA
R21,GND,NA,NA,NA,NA,NA,NA
R23,GND,NA,NA,NA,NA,NA,NA
R25,GND,NA,NA,NA,NA,NA,NA
R29,GND,NA,NA,NA,NA,NA,NA
T3,GND,NA,NA,NA,NA,NA,NA
T7,GND,NA,NA,NA,NA,NA,NA
T9,GND,NA,NA,NA,NA,NA,NA
T10,GND,NA,NA,NA,NA,NA,NA
T12,GND,NA,NA,NA,NA,NA,NA
T14,GND,NA,NA,NA,NA,NA,NA
T16,GND,NA,NA,NA,NA,NA,NA
T18,GND,NA,NA,NA,NA,NA,NA
T20,GND,NA,NA,NA,NA,NA,NA
T22,GND,NA,NA,NA,NA,NA,NA
T24,GND,NA,NA,NA,NA,NA,NA
T26,GND,NA,NA,NA,NA,NA,NA
U1,GND,NA,NA,NA,NA,NA,NA
U5,GND,NA,NA,NA,NA,NA,NA
U9,GND,NA,NA,NA,NA,NA,NA
U11,GND,NA,NA,NA,NA,NA,NA
U13,GND,NA,NA,NA,NA,NA,NA
U15,GND,NA,NA,NA,NA,NA,NA
U19,GND,NA,NA,NA,NA,NA,NA
U21,GND,NA,NA,NA,NA,NA,NA
U23,GND,NA,NA,NA,NA,NA,NA
U25,GND,NA,NA,NA,NA,NA,NA
U33,GND,NA,NA,NA,NA,NA,NA
V3,GND,NA,NA,NA,NA,NA,NA
V7,GND,NA,NA,NA,NA,NA,NA
V9,GND,NA,NA,NA,NA,NA,NA
V10,GND,NA,NA,NA,NA,NA,NA
V12,GND,NA,NA,NA,NA,NA,NA
V14,GND,NA,NA,NA,NA,NA,NA
V16,GND,NA,NA,NA,NA,NA,NA
V20,GND,NA,NA,NA,NA,NA,NA
V22,GND,NA,NA,NA,NA,NA,NA
V24,GND,NA,NA,NA,NA,NA,NA
V30,GND,NA,NA,NA,NA,NA,NA
W1,GND,NA,NA,NA,NA,NA,NA
W5,GND,NA,NA,NA,NA,NA,NA
W8,GND,NA,NA,NA,NA,NA,NA
W9,GND,NA,NA,NA,NA,NA,NA
W11,GND,NA,NA,NA,NA,NA,NA
W13,GND,NA,NA,NA,NA,NA,NA
W15,GND,NA,NA,NA,NA,NA,NA
W19,GND,NA,NA,NA,NA,NA,NA
W21,GND,NA,NA,NA,NA,NA,NA
W23,GND,NA,NA,NA,NA,NA,NA
W25,GND,NA,NA,NA,NA,NA,NA
W27,GND,NA,NA,NA,NA,NA,NA
Y3,GND,NA,NA,NA,NA,NA,NA
Y9,GND,NA,NA,NA,NA,NA,NA
Y10,GND,NA,NA,NA,NA,NA,NA
Y12,GND,NA,NA,NA,NA,NA,NA
Y14,GND,NA,NA,NA,NA,NA,NA
Y16,GND,NA,NA,NA,NA,NA,NA
Y20,GND,NA,NA,NA,NA,NA,NA
Y22,GND,NA,NA,NA,NA,NA,NA
Y24,GND,NA,NA,NA,NA,NA,NA
Y34,GND,NA,NA,NA,NA,NA,NA
AA6,MGTAVCC,NA,NA,NA,NA,NA,NA
AA8,MGTAVCC,NA,NA,NA,NA,NA,NA
AC6,MGTAVCC,NA,NA,NA,NA,NA,NA
AD8,MGTAVCC,NA,NA,NA,NA,NA,NA
AE6,MGTAVCC,NA,NA,NA,NA,NA,NA
AF8,MGTAVCC,NA,NA,NA,NA,NA,NA
AG6,MGTAVCC,NA,NA,NA,NA,NA,NA
AH8,MGTAVCC,NA,NA,NA,NA,NA,NA
AJ6,MGTAVCC,NA,NA,NA,NA,NA,NA
AK8,MGTAVCC,NA,NA,NA,NA,NA,NA
AL6,MGTAVCC,NA,NA,NA,NA,NA,NA
AM8,MGTAVCC,NA,NA,NA,NA,NA,NA
AN6,MGTAVCC,NA,NA,NA,NA,NA,NA
R6,MGTAVCC,NA,NA,NA,NA,NA,NA
T8,MGTAVCC,NA,NA,NA,NA,NA,NA
U6,MGTAVCC,NA,NA,NA,NA,NA,NA
V8,MGTAVCC,NA,NA,NA,NA,NA,NA
W6,MGTAVCC,NA,NA,NA,NA,NA,NA
AA2,MGTAVTT,NA,NA,NA,NA,NA,NA
AB4,MGTAVTT,NA,NA,NA,NA,NA,NA
AC2,MGTAVTT,NA,NA,NA,NA,NA,NA
AD4,MGTAVTT,NA,NA,NA,NA,NA,NA
AE2,MGTAVTT,NA,NA,NA,NA,NA,NA
AF4,MGTAVTT,NA,NA,NA,NA,NA,NA
AG2,MGTAVTT,NA,NA,NA,NA,NA,NA
AH4,MGTAVTT,NA,NA,NA,NA,NA,NA
AJ2,MGTAVTT,NA,NA,NA,NA,NA,NA
AK4,MGTAVTT,NA,NA,NA,NA,NA,NA
AL2,MGTAVTT,NA,NA,NA,NA,NA,NA
AM4,MGTAVTT,NA,NA,NA,NA,NA,NA
AN2,MGTAVTT,NA,NA,NA,NA,NA,NA
N2,MGTAVTT,NA,NA,NA,NA,NA,NA
P4,MGTAVTT,NA,NA,NA,NA,NA,NA
R2,MGTAVTT,NA,NA,NA,NA,NA,NA
T4,MGTAVTT,NA,NA,NA,NA,NA,NA
U2,MGTAVTT,NA,NA,NA,NA,NA,NA
V4,MGTAVTT,NA,NA,NA,NA,NA,NA
W2,MGTAVTT,NA,NA,NA,NA,NA,NA
Y4,MGTAVTT,NA,NA,NA,NA,NA,NA
AB7,MGTVCCAUX,NA,NA,NA,NA,NA,NA
W7,MGTVCCAUX,NA,NA,NA,NA,NA,NA
AA10,VCCAUX,NA,NA,NA,NA,NA,NA
AA20,VCCAUX,NA,NA,NA,NA,NA,NA
AC10,VCCAUX,NA,NA,NA,NA,NA,NA
AC20,VCCAUX,NA,NA,NA,NA,NA,NA
AE10,VCCAUX,NA,NA,NA,NA,NA,NA
L10,VCCAUX,NA,NA,NA,NA,NA,NA
L20,VCCAUX,NA,NA,NA,NA,NA,NA
N10,VCCAUX,NA,NA,NA,NA,NA,NA
N20,VCCAUX,NA,NA,NA,NA,NA,NA
R10,VCCAUX,NA,NA,NA,NA,NA,NA
R20,VCCAUX,NA,NA,NA,NA,NA,NA
U10,VCCAUX,NA,NA,NA,NA,NA,NA
U20,VCCAUX,NA,NA,NA,NA,NA,NA
V21,VCCAUX,NA,NA,NA,NA,NA,NA
W10,VCCAUX,NA,NA,NA,NA,NA,NA
W20,VCCAUX,NA,NA,NA,NA,NA,NA
Y21,VCCAUX,NA,NA,NA,NA,NA,NA
T11,VCCAUX_IO_G0,NA,NA,NA,NA,NA,NA
V11,VCCAUX_IO_G0,NA,NA,NA,NA,NA,NA
Y11,VCCAUX_IO_G0,NA,NA,NA,NA,NA,NA
AA22,VCCBRAM,NA,NA,NA,NA,NA,NA
AA24,VCCBRAM,NA,NA,NA,NA,NA,NA
AB21,VCCBRAM,NA,NA,NA,NA,NA,NA
AB23,VCCBRAM,NA,NA,NA,NA,NA,NA
AB25,VCCBRAM,NA,NA,NA,NA,NA,NA
AC22,VCCBRAM,NA,NA,NA,NA,NA,NA
AC24,VCCBRAM,NA,NA,NA,NA,NA,NA
AD25,VCCBRAM,NA,NA,NA,NA,NA,NA
U24,VCCBRAM,NA,NA,NA,NA,NA,NA
V23,VCCBRAM,NA,NA,NA,NA,NA,NA
V25,VCCBRAM,NA,NA,NA,NA,NA,NA
W22,VCCBRAM,NA,NA,NA,NA,NA,NA
W24,VCCBRAM,NA,NA,NA,NA,NA,NA
Y23,VCCBRAM,NA,NA,NA,NA,NA,NA
Y25,VCCBRAM,NA,NA,NA,NA,NA,NA
AA12,VCCINT,NA,NA,NA,NA,NA,NA
AA14,VCCINT,NA,NA,NA,NA,NA,NA
AA16,VCCINT,NA,NA,NA,NA,NA,NA
AA18,VCCINT,NA,NA,NA,NA,NA,NA
AB11,VCCINT,NA,NA,NA,NA,NA,NA
AB13,VCCINT,NA,NA,NA,NA,NA,NA
AB15,VCCINT,NA,NA,NA,NA,NA,NA
AB17,VCCINT,NA,NA,NA,NA,NA,NA
AB19,VCCINT,NA,NA,NA,NA,NA,NA
AC12,VCCINT,NA,NA,NA,NA,NA,NA
AC14,VCCINT,NA,NA,NA,NA,NA,NA
AC16,VCCINT,NA,NA,NA,NA,NA,NA
AC18,VCCINT,NA,NA,NA,NA,NA,NA
AD11,VCCINT,NA,NA,NA,NA,NA,NA
AD13,VCCINT,NA,NA,NA,NA,NA,NA
AD15,VCCINT,NA,NA,NA,NA,NA,NA
AD17,VCCINT,NA,NA,NA,NA,NA,NA
AD19,VCCINT,NA,NA,NA,NA,NA,NA
AD21,VCCINT,NA,NA,NA,NA,NA,NA
AD23,VCCINT,NA,NA,NA,NA,NA,NA
AE12,VCCINT,NA,NA,NA,NA,NA,NA
AE14,VCCINT,NA,NA,NA,NA,NA,NA
AE16,VCCINT,NA,NA,NA,NA,NA,NA
AE18,VCCINT,NA,NA,NA,NA,NA,NA
AE20,VCCINT,NA,NA,NA,NA,NA,NA
AE22,VCCINT,NA,NA,NA,NA,NA,NA
AE24,VCCINT,NA,NA,NA,NA,NA,NA
AF11,VCCINT,NA,NA,NA,NA,NA,NA
AF13,VCCINT,NA,NA,NA,NA,NA,NA
AF15,VCCINT,NA,NA,NA,NA,NA,NA
AF17,VCCINT,NA,NA,NA,NA,NA,NA
AF19,VCCINT,NA,NA,NA,NA,NA,NA
AF21,VCCINT,NA,NA,NA,NA,NA,NA
AF23,VCCINT,NA,NA,NA,NA,NA,NA
AG14,VCCINT,NA,NA,NA,NA,NA,NA
AG16,VCCINT,NA,NA,NA,NA,NA,NA
AG18,VCCINT,NA,NA,NA,NA,NA,NA
AG20,VCCINT,NA,NA,NA,NA,NA,NA
K13,VCCINT,NA,NA,NA,NA,NA,NA
K15,VCCINT,NA,NA,NA,NA,NA,NA
K17,VCCINT,NA,NA,NA,NA,NA,NA
K19,VCCINT,NA,NA,NA,NA,NA,NA
L12,VCCINT,NA,NA,NA,NA,NA,NA
L14,VCCINT,NA,NA,NA,NA,NA,NA
L16,VCCINT,NA,NA,NA,NA,NA,NA
L18,VCCINT,NA,NA,NA,NA,NA,NA
M11,VCCINT,NA,NA,NA,NA,NA,NA
M13,VCCINT,NA,NA,NA,NA,NA,NA
M15,VCCINT,NA,NA,NA,NA,NA,NA
M17,VCCINT,NA,NA,NA,NA,NA,NA
M19,VCCINT,NA,NA,NA,NA,NA,NA
N12,VCCINT,NA,NA,NA,NA,NA,NA
N14,VCCINT,NA,NA,NA,NA,NA,NA
N16,VCCINT,NA,NA,NA,NA,NA,NA
N18,VCCINT,NA,NA,NA,NA,NA,NA
P11,VCCINT,NA,NA,NA,NA,NA,NA
P13,VCCINT,NA,NA,NA,NA,NA,NA
P15,VCCINT,NA,NA,NA,NA,NA,NA
P17,VCCINT,NA,NA,NA,NA,NA,NA
P19,VCCINT,NA,NA,NA,NA,NA,NA
R12,VCCINT,NA,NA,NA,NA,NA,NA
R14,VCCINT,NA,NA,NA,NA,NA,NA
R16,VCCINT,NA,NA,NA,NA,NA,NA
R18,VCCINT,NA,NA,NA,NA,NA,NA
T13,VCCINT,NA,NA,NA,NA,NA,NA
T15,VCCINT,NA,NA,NA,NA,NA,NA
T17,VCCINT,NA,NA,NA,NA,NA,NA
T19,VCCINT,NA,NA,NA,NA,NA,NA
U12,VCCINT,NA,NA,NA,NA,NA,NA
U14,VCCINT,NA,NA,NA,NA,NA,NA
U16,VCCINT,NA,NA,NA,NA,NA,NA
V13,VCCINT,NA,NA,NA,NA,NA,NA
V15,VCCINT,NA,NA,NA,NA,NA,NA
V19,VCCINT,NA,NA,NA,NA,NA,NA
W12,VCCINT,NA,NA,NA,NA,NA,NA
W14,VCCINT,NA,NA,NA,NA,NA,NA
W16,VCCINT,NA,NA,NA,NA,NA,NA
Y13,VCCINT,NA,NA,NA,NA,NA,NA
Y15,VCCINT,NA,NA,NA,NA,NA,NA
Y19,VCCINT,NA,NA,NA,NA,NA,NA
AG10,VCCO_0,NA,0,NA,NA,NA,NA
AG12,VCCO_0,NA,0,NA,NA,NA,NA
AH25,VCCO_10,NA,10,NA,NA,NA,NA
AJ22,VCCO_10,NA,10,NA,NA,NA,NA
AL26,VCCO_10,NA,10,NA,NA,NA,NA
AM23,VCCO_10,NA,10,NA,NA,NA,NA
AN20,VCCO_10,NA,10,NA,NA,NA,NA
AP27,VCCO_10,NA,10,NA,NA,NA,NA
AF31,VCCO_11,NA,11,NA,NA,NA,NA
AG28,VCCO_11,NA,11,NA,NA,NA,NA
AJ32,VCCO_11,NA,11,NA,NA,NA,NA
AK29,VCCO_11,NA,11,NA,NA,NA,NA
AM33,VCCO_11,NA,11,NA,NA,NA,NA
AN30,VCCO_11,NA,11,NA,NA,NA,NA
AA26,VCCO_12,NA,12,NA,NA,NA,NA
AB33,VCCO_12,NA,12,NA,NA,NA,NA
AC30,VCCO_12,NA,12,NA,NA,NA,NA
AD27,VCCO_12,NA,12,NA,NA,NA,NA
AE34,VCCO_12,NA,12,NA,NA,NA,NA
W32,VCCO_12,NA,12,NA,NA,NA,NA
Y29,VCCO_12,NA,12,NA,NA,NA,NA
M33,VCCO_13,NA,13,NA,NA,NA,NA
N30,VCCO_13,NA,13,NA,NA,NA,NA
P27,VCCO_13,NA,13,NA,NA,NA,NA
R34,VCCO_13,NA,13,NA,NA,NA,NA
T31,VCCO_13,NA,13,NA,NA,NA,NA
U28,VCCO_13,NA,13,NA,NA,NA,NA
B3,VCCO_33,NA,33,NA,NA,NA,NA
E4,VCCO_33,NA,33,NA,NA,NA,NA
F1,VCCO_33,NA,33,NA,NA,NA,NA
H5,VCCO_33,NA,33,NA,NA,NA,NA
J2,VCCO_33,NA,33,NA,NA,NA,NA
L6,VCCO_33,NA,33,NA,NA,NA,NA
A6,VCCO_34,NA,34,NA,NA,NA,NA
C10,VCCO_34,NA,34,NA,NA,NA,NA
D7,VCCO_34,NA,34,NA,NA,NA,NA
F11,VCCO_34,NA,34,NA,NA,NA,NA
G8,VCCO_34,NA,34,NA,NA,NA,NA
K9,VCCO_34,NA,34,NA,NA,NA,NA
A16,VCCO_35,NA,35,NA,NA,NA,NA
B13,VCCO_35,NA,35,NA,NA,NA,NA
D17,VCCO_35,NA,35,NA,NA,NA,NA
E14,VCCO_35,NA,35,NA,NA,NA,NA
G18,VCCO_35,NA,35,NA,NA,NA,NA
H15,VCCO_35,NA,35,NA,NA,NA,NA
J12,VCCO_35,NA,35,NA,NA,NA,NA
AH15,VCCO_9,NA,9,NA,NA,NA,NA
AJ12,VCCO_9,NA,9,NA,NA,NA,NA
AK19,VCCO_9,NA,9,NA,NA,NA,NA
AL16,VCCO_9,NA,9,NA,NA,NA,NA
AM13,VCCO_9,NA,9,NA,NA,NA,NA
AP17,VCCO_9,NA,9,NA,NA,NA,NA
B33,VCCO_DDR_502,NA,502,NA,NA,NA,NA
C30,VCCO_DDR_502,NA,502,NA,NA,NA,NA
D27,VCCO_DDR_502,NA,502,NA,NA,NA,NA
E34,VCCO_DDR_502,NA,502,NA,NA,NA,NA
F31,VCCO_DDR_502,NA,502,NA,NA,NA,NA
G28,VCCO_DDR_502,NA,502,NA,NA,NA,NA
J32,VCCO_DDR_502,NA,502,NA,NA,NA,NA
K29,VCCO_DDR_502,NA,502,NA,NA,NA,NA
L26,VCCO_DDR_502,NA,502,NA,NA,NA,NA
A26,VCCO_MIO0_500,NA,500,NA,NA,NA,NA
E24,VCCO_MIO0_500,NA,500,NA,NA,NA,NA
H25,VCCO_MIO0_500,NA,500,NA,NA,NA,NA
B23,VCCO_MIO1_501,NA,501,NA,NA,NA,NA
C20,VCCO_MIO1_501,NA,501,NA,NA,NA,NA
F21,VCCO_MIO1_501,NA,501,NA,NA,NA,NA
J22,VCCO_MIO1_501,NA,501,NA,NA,NA,NA
K23,VCCPAUX,NA,NA,NA,NA,NA,NA
L24,VCCPAUX,NA,NA,NA,NA,NA,NA
M25,VCCPAUX,NA,NA,NA,NA,NA,NA
N24,VCCPAUX,NA,NA,NA,NA,NA,NA
P25,VCCPAUX,NA,NA,NA,NA,NA,NA
R24,VCCPAUX,NA,NA,NA,NA,NA,NA
T25,VCCPAUX,NA,NA,NA,NA,NA,NA
K21,VCCPINT,NA,NA,NA,NA,NA,NA
L22,VCCPINT,NA,NA,NA,NA,NA,NA
M21,VCCPINT,NA,NA,NA,NA,NA,NA
M23,VCCPINT,NA,NA,NA,NA,NA,NA
N22,VCCPINT,NA,NA,NA,NA,NA,NA
P21,VCCPINT,NA,NA,NA,NA,NA,NA
P23,VCCPINT,NA,NA,NA,NA,NA,NA
R22,VCCPINT,NA,NA,NA,NA,NA,NA
T21,VCCPINT,NA,NA,NA,NA,NA,NA
T23,VCCPINT,NA,NA,NA,NA,NA,NA
U22,VCCPINT,NA,NA,NA,NA,NA,NA
K25,VCCPLL,NA,NA,NA,NA,NA,NA
K27,PS_DDR_VREF0_502,NA,502,NA,NA,DDR,NA
M27,PS_DDR_VREF1_502,NA,502,NA,NA,DDR,NA
,,,,,,,
Total Number of Pins, 1156,,,,,,,
