Device/Package xc7k480tffg1156 12/21/2011 11:16:42,,,,,,,
,,,,,,,
Pin,Pin Name,Memory Byte Group,Bank,VCCAUX Group,Super Logic Region,I/O Type,No-Connect
W16,DXN_0,NA,0,NA,NA,CONFIG,NA
T17,VCCADC_0,NA,0,NA,NA,CONFIG,NA
T16,GNDADC_0,NA,0,NA,NA,CONFIG,NA
W17,DXP_0,NA,0,NA,NA,CONFIG,NA
U16,VREFN_0,NA,0,NA,NA,CONFIG,NA
V17,VREFP_0,NA,0,NA,NA,CONFIG,NA
U17,VP_0,NA,0,NA,NA,CONFIG,NA
V16,VN_0,NA,0,NA,NA,CONFIG,NA
C15,VCCBATT_0,NA,0,NA,NA,CONFIG,NA
D15,CCLK_0,NA,0,NA,NA,CONFIG,NA
F15,TCK_0,NA,0,NA,NA,CONFIG,NA
H15,TMS_0,NA,0,NA,NA,CONFIG,NA
F14,TDO_0,NA,0,NA,NA,CONFIG,NA
G15,TDI_0,NA,0,NA,NA,CONFIG,NA
AG14,INIT_B_0,NA,0,NA,NA,CONFIG,NA
AM15,PROGRAM_B_0,NA,0,NA,NA,CONFIG,NA
AL15,CFGBVS_0,NA,0,NA,NA,CONFIG,NA
AH14,DONE_0,NA,0,NA,NA,CONFIG,NA
AJ14,M2_0,NA,0,NA,NA,CONFIG,NA
AJ15,M0_0,NA,0,NA,NA,CONFIG,NA
AH15,M1_0,NA,0,NA,NA,CONFIG,NA
AG18,IO_0_11,NA,11,NA,NA,HR,NA
AK23,IO_L1P_T0_11,0,11,NA,NA,HR,NA
AL23,IO_L1N_T0_11,0,11,NA,NA,HR,NA
AM22,IO_L2P_T0_11,0,11,NA,NA,HR,NA
AN22,IO_L2N_T0_11,0,11,NA,NA,HR,NA
AP21,IO_L3P_T0_DQS_11,0,11,NA,NA,HR,NA
AP22,IO_L3N_T0_DQS_11,0,11,NA,NA,HR,NA
AN20,IO_L4P_T0_11,0,11,NA,NA,HR,NA
AP20,IO_L4N_T0_11,0,11,NA,NA,HR,NA
AN19,IO_L5P_T0_11,0,11,NA,NA,HR,NA
AP19,IO_L5N_T0_11,0,11,NA,NA,HR,NA
AL21,IO_L6P_T0_11,0,11,NA,NA,HR,NA
AM21,IO_L6N_T0_VREF_11,0,11,NA,NA,HR,NA
AN17,IO_L7P_T1_11,1,11,NA,NA,HR,NA
AN18,IO_L7N_T1_11,1,11,NA,NA,HR,NA
AP16,IO_L8P_T1_11,1,11,NA,NA,HR,NA
AP17,IO_L8N_T1_11,1,11,NA,NA,HR,NA
AM17,IO_L9P_T1_DQS_11,1,11,NA,NA,HR,NA
AM18,IO_L9N_T1_DQS_11,1,11,NA,NA,HR,NA
AL16,IO_L10P_T1_11,1,11,NA,NA,HR,NA
AM16,IO_L10N_T1_11,1,11,NA,NA,HR,NA
AL20,IO_L11P_T1_SRCC_11,1,11,NA,NA,HR,NA
AM20,IO_L11N_T1_SRCC_11,1,11,NA,NA,HR,NA
AL18,IO_L12P_T1_MRCC_11,1,11,NA,NA,HR,NA
AL19,IO_L12N_T1_MRCC_11,1,11,NA,NA,HR,NA
AK18,IO_L13P_T2_MRCC_11,2,11,NA,NA,HR,NA
AK19,IO_L13N_T2_MRCC_11,2,11,NA,NA,HR,NA
AH19,IO_L14P_T2_SRCC_11,2,11,NA,NA,HR,NA
AJ19,IO_L14N_T2_SRCC_11,2,11,NA,NA,HR,NA
AK16,IO_L15P_T2_DQS_11,2,11,NA,NA,HR,NA
AK17,IO_L15N_T2_DQS_11,2,11,NA,NA,HR,NA
AJ16,IO_L16P_T2_11,2,11,NA,NA,HR,NA
AJ17,IO_L16N_T2_11,2,11,NA,NA,HR,NA
AH17,IO_L17P_T2_11,2,11,NA,NA,HR,NA
AH18,IO_L17N_T2_11,2,11,NA,NA,HR,NA
AG16,IO_L18P_T2_11,2,11,NA,NA,HR,NA
AG17,IO_L18N_T2_11,2,11,NA,NA,HR,NA
AJ22,IO_L19P_T3_11,3,11,NA,NA,HR,NA
AK22,IO_L19N_T3_VREF_11,3,11,NA,NA,HR,NA
AJ21,IO_L20P_T3_11,3,11,NA,NA,HR,NA
AK21,IO_L20N_T3_11,3,11,NA,NA,HR,NA
AH20,IO_L21P_T3_DQS_11,3,11,NA,NA,HR,NA
AJ20,IO_L21N_T3_DQS_11,3,11,NA,NA,HR,NA
AG20,IO_L22P_T3_11,3,11,NA,NA,HR,NA
AG21,IO_L22N_T3_11,3,11,NA,NA,HR,NA
AG22,IO_L23P_T3_11,3,11,NA,NA,HR,NA
AH22,IO_L23N_T3_11,3,11,NA,NA,HR,NA
AG23,IO_L24P_T3_11,3,11,NA,NA,HR,NA
AH23,IO_L24N_T3_11,3,11,NA,NA,HR,NA
AG15,IO_25_11,NA,11,NA,NA,HR,NA
AD25,IO_0_12,NA,12,NA,NA,HR,NA
AM23,IO_L1P_T0_12,0,12,NA,NA,HR,NA
AN23,IO_L1N_T0_12,0,12,NA,NA,HR,NA
AN24,IO_L2P_T0_12,0,12,NA,NA,HR,NA
AP24,IO_L2N_T0_12,0,12,NA,NA,HR,NA
AN25,IO_L3P_T0_DQS_12,0,12,NA,NA,HR,NA
AP25,IO_L3N_T0_DQS_12,0,12,NA,NA,HR,NA
AP26,IO_L4P_T0_12,0,12,NA,NA,HR,NA
AP27,IO_L4N_T0_12,0,12,NA,NA,HR,NA
AN27,IO_L5P_T0_12,0,12,NA,NA,HR,NA
AN28,IO_L5N_T0_12,0,12,NA,NA,HR,NA
AM27,IO_L6P_T0_12,0,12,NA,NA,HR,NA
AM28,IO_L6N_T0_VREF_12,0,12,NA,NA,HR,NA
AM25,IO_L7P_T1_12,1,12,NA,NA,HR,NA
AM26,IO_L7N_T1_12,1,12,NA,NA,HR,NA
AJ29,IO_L8P_T1_12,1,12,NA,NA,HR,NA
AK29,IO_L8N_T1_12,1,12,NA,NA,HR,NA
AK24,IO_L9P_T1_DQS_12,1,12,NA,NA,HR,NA
AL24,IO_L9N_T1_DQS_12,1,12,NA,NA,HR,NA
AK28,IO_L10P_T1_12,1,12,NA,NA,HR,NA
AL28,IO_L10N_T1_12,1,12,NA,NA,HR,NA
AL25,IO_L11P_T1_SRCC_12,1,12,NA,NA,HR,NA
AL26,IO_L11N_T1_SRCC_12,1,12,NA,NA,HR,NA
AK26,IO_L12P_T1_MRCC_12,1,12,NA,NA,HR,NA
AK27,IO_L12N_T1_MRCC_12,1,12,NA,NA,HR,NA
AJ26,IO_L13P_T2_MRCC_12,2,12,NA,NA,HR,NA
AJ27,IO_L13N_T2_MRCC_12,2,12,NA,NA,HR,NA
AH27,IO_L14P_T2_SRCC_12,2,12,NA,NA,HR,NA
AH28,IO_L14N_T2_SRCC_12,2,12,NA,NA,HR,NA
AH25,IO_L15P_T2_DQS_12,2,12,NA,NA,HR,NA
AJ25,IO_L15N_T2_DQS_12,2,12,NA,NA,HR,NA
AH24,IO_L16P_T2_12,2,12,NA,NA,HR,NA
AJ24,IO_L16N_T2_12,2,12,NA,NA,HR,NA
AG26,IO_L17P_T2_12,2,12,NA,NA,HR,NA
AG27,IO_L17N_T2_12,2,12,NA,NA,HR,NA
AG28,IO_L18P_T2_12,2,12,NA,NA,HR,NA
AH29,IO_L18N_T2_12,2,12,NA,NA,HR,NA
AD29,IO_L19P_T3_12,3,12,NA,NA,HR,NA
AE29,IO_L19N_T3_VREF_12,3,12,NA,NA,HR,NA
AF28,IO_L20P_T3_12,3,12,NA,NA,HR,NA
AF29,IO_L20N_T3_12,3,12,NA,NA,HR,NA
AE27,IO_L21P_T3_DQS_12,3,12,NA,NA,HR,NA
AE28,IO_L21N_T3_DQS_12,3,12,NA,NA,HR,NA
AE26,IO_L22P_T3_12,3,12,NA,NA,HR,NA
AF26,IO_L22N_T3_12,3,12,NA,NA,HR,NA
AE24,IO_L23P_T3_12,3,12,NA,NA,HR,NA
AF24,IO_L23N_T3_12,3,12,NA,NA,HR,NA
AF25,IO_L24P_T3_12,3,12,NA,NA,HR,NA
AG25,IO_L24N_T3_12,3,12,NA,NA,HR,NA
AD24,IO_25_12,NA,12,NA,NA,HR,NA
AC30,IO_0_13,NA,13,NA,NA,HR,NA
AC32,IO_L1P_T0_13,0,13,NA,NA,HR,NA
AC33,IO_L1N_T0_13,0,13,NA,NA,HR,NA
AC34,IO_L2P_T0_13,0,13,NA,NA,HR,NA
AD34,IO_L2N_T0_13,0,13,NA,NA,HR,NA
AE34,IO_L3P_T0_DQS_13,0,13,NA,NA,HR,NA
AF34,IO_L3N_T0_DQS_13,0,13,NA,NA,HR,NA
AE33,IO_L4P_T0_13,0,13,NA,NA,HR,NA
AF33,IO_L4N_T0_13,0,13,NA,NA,HR,NA
AE31,IO_L5P_T0_13,0,13,NA,NA,HR,NA
AE32,IO_L5N_T0_13,0,13,NA,NA,HR,NA
AD31,IO_L6P_T0_13,0,13,NA,NA,HR,NA
AD32,IO_L6N_T0_VREF_13,0,13,NA,NA,HR,NA
AH34,IO_L7P_T1_13,1,13,NA,NA,HR,NA
AJ34,IO_L7N_T1_13,1,13,NA,NA,HR,NA
AF30,IO_L8P_T1_13,1,13,NA,NA,HR,NA
AG30,IO_L8N_T1_13,1,13,NA,NA,HR,NA
AG33,IO_L9P_T1_DQS_13,1,13,NA,NA,HR,NA
AH33,IO_L9N_T1_DQS_13,1,13,NA,NA,HR,NA
AH30,IO_L10P_T1_13,1,13,NA,NA,HR,NA
AJ30,IO_L10N_T1_13,1,13,NA,NA,HR,NA
AG32,IO_L11P_T1_SRCC_13,1,13,NA,NA,HR,NA
AH32,IO_L11N_T1_SRCC_13,1,13,NA,NA,HR,NA
AF31,IO_L12P_T1_MRCC_13,1,13,NA,NA,HR,NA
AG31,IO_L12N_T1_MRCC_13,1,13,NA,NA,HR,NA
AJ31,IO_L13P_T2_MRCC_13,2,13,NA,NA,HR,NA
AK31,IO_L13N_T2_MRCC_13,2,13,NA,NA,HR,NA
AJ32,IO_L14P_T2_SRCC_13,2,13,NA,NA,HR,NA
AK32,IO_L14N_T2_SRCC_13,2,13,NA,NA,HR,NA
AK33,IO_L15P_T2_DQS_13,2,13,NA,NA,HR,NA
AL33,IO_L15N_T2_DQS_13,2,13,NA,NA,HR,NA
AK34,IO_L16P_T2_13,2,13,NA,NA,HR,NA
AL34,IO_L16N_T2_13,2,13,NA,NA,HR,NA
AL30,IO_L17P_T2_13,2,13,NA,NA,HR,NA
AL31,IO_L17N_T2_13,2,13,NA,NA,HR,NA
AL29,IO_L18P_T2_13,2,13,NA,NA,HR,NA
AM30,IO_L18N_T2_13,2,13,NA,NA,HR,NA
AM31,IO_L19P_T3_13,3,13,NA,NA,HR,NA
AM32,IO_L19N_T3_VREF_13,3,13,NA,NA,HR,NA
AM33,IO_L20P_T3_13,3,13,NA,NA,HR,NA
AN34,IO_L20N_T3_13,3,13,NA,NA,HR,NA
AN32,IO_L21P_T3_DQS_13,3,13,NA,NA,HR,NA
AP33,IO_L21N_T3_DQS_13,3,13,NA,NA,HR,NA
AP31,IO_L22P_T3_13,3,13,NA,NA,HR,NA
AP32,IO_L22N_T3_13,3,13,NA,NA,HR,NA
AP29,IO_L23P_T3_13,3,13,NA,NA,HR,NA
AP30,IO_L23N_T3_13,3,13,NA,NA,HR,NA
AN29,IO_L24P_T3_13,3,13,NA,NA,HR,NA
AN30,IO_L24N_T3_13,3,13,NA,NA,HR,NA
AD30,IO_25_13,NA,13,NA,NA,HR,NA
AA24,IO_0_14,NA,14,NA,NA,HR,NA
AA33,IO_L1P_T0_D00_MOSI_14,0,14,NA,NA,HR,NA
AA34,IO_L1N_T0_D01_DIN_14,0,14,NA,NA,HR,NA
Y33,IO_L2P_T0_D02_14,0,14,NA,NA,HR,NA
Y34,IO_L2N_T0_D03_14,0,14,NA,NA,HR,NA
V34,IO_L3P_T0_DQS_PUDC_B_14,0,14,NA,NA,HR,NA
W34,IO_L3N_T0_DQS_EMCCLK_14,0,14,NA,NA,HR,NA
V32,IO_L4P_T0_D04_14,0,14,NA,NA,HR,NA
V33,IO_L4N_T0_D05_14,0,14,NA,NA,HR,NA
W31,IO_L5P_T0_D06_14,0,14,NA,NA,HR,NA
W32,IO_L5N_T0_D07_14,0,14,NA,NA,HR,NA
V30,IO_L6P_T0_FCS_B_14,0,14,NA,NA,HR,NA
W30,IO_L6N_T0_D08_VREF_14,0,14,NA,NA,HR,NA
V25,IO_L7P_T1_D09_14,1,14,NA,NA,HR,NA
W25,IO_L7N_T1_D10_14,1,14,NA,NA,HR,NA
V29,IO_L8P_T1_D11_14,1,14,NA,NA,HR,NA
W29,IO_L8N_T1_D12_14,1,14,NA,NA,HR,NA
V27,IO_L9P_T1_DQS_14,1,14,NA,NA,HR,NA
V28,IO_L9N_T1_DQS_D13_14,1,14,NA,NA,HR,NA
W24,IO_L10P_T1_D14_14,1,14,NA,NA,HR,NA
Y24,IO_L10N_T1_D15_14,1,14,NA,NA,HR,NA
W26,IO_L11P_T1_SRCC_14,1,14,NA,NA,HR,NA
W27,IO_L11N_T1_SRCC_14,1,14,NA,NA,HR,NA
Y26,IO_L12P_T1_MRCC_14,1,14,NA,NA,HR,NA
Y27,IO_L12N_T1_MRCC_14,1,14,NA,NA,HR,NA
AA28,IO_L13P_T2_MRCC_14,2,14,NA,NA,HR,NA
AA29,IO_L13N_T2_MRCC_14,2,14,NA,NA,HR,NA
Y28,IO_L14P_T2_SRCC_14,2,14,NA,NA,HR,NA
Y29,IO_L14N_T2_SRCC_14,2,14,NA,NA,HR,NA
AB30,IO_L15P_T2_DQS_RDWR_B_14,2,14,NA,NA,HR,NA
AB31,IO_L15N_T2_DQS_DOUT_CSO_B_14,2,14,NA,NA,HR,NA
Y31,IO_L16P_T2_CSI_B_14,2,14,NA,NA,HR,NA
Y32,IO_L16N_T2_A15_D31_14,2,14,NA,NA,HR,NA
AB32,IO_L17P_T2_A14_D30_14,2,14,NA,NA,HR,NA
AB33,IO_L17N_T2_A13_D29_14,2,14,NA,NA,HR,NA
AA30,IO_L18P_T2_A12_D28_14,2,14,NA,NA,HR,NA
AA31,IO_L18N_T2_A11_D27_14,2,14,NA,NA,HR,NA
AA26,IO_L19P_T3_A10_D26_14,3,14,NA,NA,HR,NA
AB26,IO_L19N_T3_A09_D25_VREF_14,3,14,NA,NA,HR,NA
AB27,IO_L20P_T3_A08_D24_14,3,14,NA,NA,HR,NA
AB28,IO_L20N_T3_A07_D23_14,3,14,NA,NA,HR,NA
AA25,IO_L21P_T3_DQS_14,3,14,NA,NA,HR,NA
AB25,IO_L21N_T3_DQS_A06_D22_14,3,14,NA,NA,HR,NA
AC27,IO_L22P_T3_A05_D21_14,3,14,NA,NA,HR,NA
AD27,IO_L22N_T3_A04_D20_14,3,14,NA,NA,HR,NA
AC28,IO_L23P_T3_A03_D19_14,3,14,NA,NA,HR,NA
AC29,IO_L23N_T3_A02_D18_14,3,14,NA,NA,HR,NA
AC25,IO_L24P_T3_A01_D17_14,3,14,NA,NA,HR,NA
AD26,IO_L24N_T3_A00_D16_14,3,14,NA,NA,HR,NA
AC24,IO_25_14,NA,14,NA,NA,HR,NA
T24,IO_0_15,NA,15,NA,NA,HR,NA
N28,IO_L1P_T0_AD0P_15,0,15,NA,NA,HR,NA
M28,IO_L1N_T0_AD0N_15,0,15,NA,NA,HR,NA
P29,IO_L2P_T0_AD8P_15,0,15,NA,NA,HR,NA
N29,IO_L2N_T0_AD8N_15,0,15,NA,NA,HR,NA
P27,IO_L3P_T0_DQS_AD1P_15,0,15,NA,NA,HR,NA
N27,IO_L3N_T0_DQS_AD1N_15,0,15,NA,NA,HR,NA
N24,IO_L4P_T0_AD9P_15,0,15,NA,NA,HR,NA
N25,IO_L4N_T0_AD9N_15,0,15,NA,NA,HR,NA
P25,IO_L5P_T0_AD2P_15,0,15,NA,NA,HR,NA
P26,IO_L5N_T0_AD2N_15,0,15,NA,NA,HR,NA
R24,IO_L6P_T0_15,0,15,NA,NA,HR,NA
P24,IO_L6N_T0_VREF_15,0,15,NA,NA,HR,NA
R26,IO_L7P_T1_AD10P_15,1,15,NA,NA,HR,NA
R27,IO_L7N_T1_AD10N_15,1,15,NA,NA,HR,NA
T25,IO_L8P_T1_AD3P_15,1,15,NA,NA,HR,NA
T26,IO_L8N_T1_AD3N_15,1,15,NA,NA,HR,NA
U25,IO_L9P_T1_DQS_AD11P_15,1,15,NA,NA,HR,NA
U26,IO_L9N_T1_DQS_AD11N_15,1,15,NA,NA,HR,NA
U27,IO_L10P_T1_AD4P_15,1,15,NA,NA,HR,NA
U28,IO_L10N_T1_AD4N_15,1,15,NA,NA,HR,NA
T28,IO_L11P_T1_SRCC_AD12P_15,1,15,NA,NA,HR,NA
T29,IO_L11N_T1_SRCC_AD12N_15,1,15,NA,NA,HR,NA
R28,IO_L12P_T1_MRCC_AD5P_15,1,15,NA,NA,HR,NA
R29,IO_L12N_T1_MRCC_AD5N_15,1,15,NA,NA,HR,NA
R31,IO_L13P_T2_MRCC_15,2,15,NA,NA,HR,NA
P31,IO_L13N_T2_MRCC_15,2,15,NA,NA,HR,NA
P30,IO_L14P_T2_SRCC_15,2,15,NA,NA,HR,NA
N30,IO_L14N_T2_SRCC_15,2,15,NA,NA,HR,NA
M30,IO_L15P_T2_DQS_15,2,15,NA,NA,HR,NA
M31,IO_L15N_T2_DQS_ADV_B_15,2,15,NA,NA,HR,NA
N32,IO_L16P_T2_A28_15,2,15,NA,NA,HR,NA
M32,IO_L16N_T2_A27_15,2,15,NA,NA,HR,NA
N33,IO_L17P_T2_A26_15,2,15,NA,NA,HR,NA
M33,IO_L17N_T2_A25_15,2,15,NA,NA,HR,NA
P34,IO_L18P_T2_A24_15,2,15,NA,NA,HR,NA
N34,IO_L18N_T2_A23_15,2,15,NA,NA,HR,NA
U30,IO_L19P_T3_A22_15,3,15,NA,NA,HR,NA
U31,IO_L19N_T3_A21_VREF_15,3,15,NA,NA,HR,NA
T30,IO_L20P_T3_A20_15,3,15,NA,NA,HR,NA
T31,IO_L20N_T3_A19_15,3,15,NA,NA,HR,NA
U32,IO_L21P_T3_DQS_15,3,15,NA,NA,HR,NA
U33,IO_L21N_T3_DQS_A18_15,3,15,NA,NA,HR,NA
R32,IO_L22P_T3_A17_15,3,15,NA,NA,HR,NA
P32,IO_L22N_T3_A16_15,3,15,NA,NA,HR,NA
T33,IO_L23P_T3_FOE_B_15,3,15,NA,NA,HR,NA
T34,IO_L23N_T3_FWE_B_15,3,15,NA,NA,HR,NA
R33,IO_L24P_T3_RS1_15,3,15,NA,NA,HR,NA
R34,IO_L24N_T3_RS0_15,3,15,NA,NA,HR,NA
V24,IO_25_15,NA,15,NA,NA,HR,NA
J29,IO_0_16,NA,16,NA,NA,HR,NA
A29,IO_L1P_T0_16,0,16,NA,NA,HR,NA
A30,IO_L1N_T0_16,0,16,NA,NA,HR,NA
B30,IO_L2P_T0_16,0,16,NA,NA,HR,NA
A31,IO_L2N_T0_16,0,16,NA,NA,HR,NA
B31,IO_L3P_T0_DQS_16,0,16,NA,NA,HR,NA
B32,IO_L3N_T0_DQS_16,0,16,NA,NA,HR,NA
B33,IO_L4P_T0_16,0,16,NA,NA,HR,NA
A33,IO_L4N_T0_16,0,16,NA,NA,HR,NA
C32,IO_L5P_T0_16,0,16,NA,NA,HR,NA
C33,IO_L5N_T0_16,0,16,NA,NA,HR,NA
C29,IO_L6P_T0_16,0,16,NA,NA,HR,NA
C30,IO_L6N_T0_VREF_16,0,16,NA,NA,HR,NA
D29,IO_L7P_T1_16,1,16,NA,NA,HR,NA
D30,IO_L7N_T1_16,1,16,NA,NA,HR,NA
F34,IO_L8P_T1_16,1,16,NA,NA,HR,NA
E34,IO_L8N_T1_16,1,16,NA,NA,HR,NA
D34,IO_L9P_T1_DQS_16,1,16,NA,NA,HR,NA
C34,IO_L9N_T1_DQS_16,1,16,NA,NA,HR,NA
F33,IO_L10P_T1_16,1,16,NA,NA,HR,NA
E33,IO_L10N_T1_16,1,16,NA,NA,HR,NA
E31,IO_L11P_T1_SRCC_16,1,16,NA,NA,HR,NA
D31,IO_L11N_T1_SRCC_16,1,16,NA,NA,HR,NA
E32,IO_L12P_T1_MRCC_16,1,16,NA,NA,HR,NA
D32,IO_L12N_T1_MRCC_16,1,16,NA,NA,HR,NA
G30,IO_L13P_T2_MRCC_16,2,16,NA,NA,HR,NA
F30,IO_L13N_T2_MRCC_16,2,16,NA,NA,HR,NA
G31,IO_L14P_T2_SRCC_16,2,16,NA,NA,HR,NA
F31,IO_L14N_T2_SRCC_16,2,16,NA,NA,HR,NA
H29,IO_L15P_T2_DQS_16,2,16,NA,NA,HR,NA
H30,IO_L15N_T2_DQS_16,2,16,NA,NA,HR,NA
F29,IO_L16P_T2_16,2,16,NA,NA,HR,NA
E29,IO_L16N_T2_16,2,16,NA,NA,HR,NA
H32,IO_L17P_T2_16,2,16,NA,NA,HR,NA
G32,IO_L17N_T2_16,2,16,NA,NA,HR,NA
H33,IO_L18P_T2_16,2,16,NA,NA,HR,NA
G33,IO_L18N_T2_16,2,16,NA,NA,HR,NA
J30,IO_L19P_T3_16,3,16,NA,NA,HR,NA
J31,IO_L19N_T3_VREF_16,3,16,NA,NA,HR,NA
L31,IO_L20P_T3_16,3,16,NA,NA,HR,NA
K31,IO_L20N_T3_16,3,16,NA,NA,HR,NA
K32,IO_L21P_T3_DQS_16,3,16,NA,NA,HR,NA
J32,IO_L21N_T3_DQS_16,3,16,NA,NA,HR,NA
L33,IO_L22P_T3_16,3,16,NA,NA,HR,NA
K33,IO_L22N_T3_16,3,16,NA,NA,HR,NA
L34,IO_L23P_T3_16,3,16,NA,NA,HR,NA
K34,IO_L23N_T3_16,3,16,NA,NA,HR,NA
J34,IO_L24P_T3_16,3,16,NA,NA,HR,NA
H34,IO_L24N_T3_16,3,16,NA,NA,HR,NA
L30,IO_25_16,NA,16,NA,NA,HR,NA
H23,IO_0_17,NA,17,NA,NA,HR,NA
C24,IO_L1P_T0_17,0,17,NA,NA,HR,NA
C25,IO_L1N_T0_17,0,17,NA,NA,HR,NA
A24,IO_L2P_T0_17,0,17,NA,NA,HR,NA
A25,IO_L2N_T0_17,0,17,NA,NA,HR,NA
B25,IO_L3P_T0_DQS_17,0,17,NA,NA,HR,NA
A26,IO_L3N_T0_DQS_17,0,17,NA,NA,HR,NA
B26,IO_L4P_T0_17,0,17,NA,NA,HR,NA
B27,IO_L4N_T0_17,0,17,NA,NA,HR,NA
B28,IO_L5P_T0_17,0,17,NA,NA,HR,NA
A28,IO_L5N_T0_17,0,17,NA,NA,HR,NA
C27,IO_L6P_T0_17,0,17,NA,NA,HR,NA
C28,IO_L6N_T0_VREF_17,0,17,NA,NA,HR,NA
F24,IO_L7P_T1_17,1,17,NA,NA,HR,NA
E24,IO_L7N_T1_17,1,17,NA,NA,HR,NA
D26,IO_L8P_T1_17,1,17,NA,NA,HR,NA
D27,IO_L8N_T1_17,1,17,NA,NA,HR,NA
D24,IO_L9P_T1_DQS_17,1,17,NA,NA,HR,NA
D25,IO_L9N_T1_DQS_17,1,17,NA,NA,HR,NA
F28,IO_L10P_T1_17,1,17,NA,NA,HR,NA
E28,IO_L10N_T1_17,1,17,NA,NA,HR,NA
F25,IO_L11P_T1_SRCC_17,1,17,NA,NA,HR,NA
F26,IO_L11N_T1_SRCC_17,1,17,NA,NA,HR,NA
E26,IO_L12P_T1_MRCC_17,1,17,NA,NA,HR,NA
E27,IO_L12N_T1_MRCC_17,1,17,NA,NA,HR,NA
H27,IO_L13P_T2_MRCC_17,2,17,NA,NA,HR,NA
G27,IO_L13N_T2_MRCC_17,2,17,NA,NA,HR,NA
G25,IO_L14P_T2_SRCC_17,2,17,NA,NA,HR,NA
G26,IO_L14N_T2_SRCC_17,2,17,NA,NA,HR,NA
J24,IO_L15P_T2_DQS_17,2,17,NA,NA,HR,NA
J25,IO_L15N_T2_DQS_17,2,17,NA,NA,HR,NA
H24,IO_L16P_T2_17,2,17,NA,NA,HR,NA
H25,IO_L16N_T2_17,2,17,NA,NA,HR,NA
H28,IO_L17P_T2_17,2,17,NA,NA,HR,NA
G28,IO_L17N_T2_17,2,17,NA,NA,HR,NA
J26,IO_L18P_T2_17,2,17,NA,NA,HR,NA
J27,IO_L18N_T2_17,2,17,NA,NA,HR,NA
L25,IO_L19P_T3_17,3,17,NA,NA,HR,NA
L26,IO_L19N_T3_VREF_17,3,17,NA,NA,HR,NA
L24,IO_L20P_T3_17,3,17,NA,NA,HR,NA
K24,IO_L20N_T3_17,3,17,NA,NA,HR,NA
K28,IO_L21P_T3_DQS_17,3,17,NA,NA,HR,NA
K29,IO_L21N_T3_DQS_17,3,17,NA,NA,HR,NA
K26,IO_L22P_T3_17,3,17,NA,NA,HR,NA
K27,IO_L22N_T3_17,3,17,NA,NA,HR,NA
M26,IO_L23P_T3_17,3,17,NA,NA,HR,NA
M27,IO_L23N_T3_17,3,17,NA,NA,HR,NA
L28,IO_L24P_T3_17,3,17,NA,NA,HR,NA
L29,IO_L24N_T3_17,3,17,NA,NA,HR,NA
M25,IO_25_17,NA,17,NA,NA,HR,NA
G16,IO_0_18,NA,18,NA,NA,HR,NA
H19,IO_L1P_T0_18,0,18,NA,NA,HR,NA
H20,IO_L1N_T0_18,0,18,NA,NA,HR,NA
H17,IO_L2P_T0_18,0,18,NA,NA,HR,NA
H18,IO_L2N_T0_18,0,18,NA,NA,HR,NA
G17,IO_L3P_T0_DQS_18,0,18,NA,NA,HR,NA
G18,IO_L3N_T0_DQS_18,0,18,NA,NA,HR,NA
F16,IO_L4P_T0_18,0,18,NA,NA,HR,NA
E16,IO_L4N_T0_18,0,18,NA,NA,HR,NA
E17,IO_L5P_T0_18,0,18,NA,NA,HR,NA
E18,IO_L5N_T0_18,0,18,NA,NA,HR,NA
F18,IO_L6P_T0_18,0,18,NA,NA,HR,NA
F19,IO_L6N_T0_VREF_18,0,18,NA,NA,HR,NA
G20,IO_L7P_T1_18,1,18,NA,NA,HR,NA
G21,IO_L7N_T1_18,1,18,NA,NA,HR,NA
F20,IO_L8P_T1_18,1,18,NA,NA,HR,NA
F21,IO_L8N_T1_18,1,18,NA,NA,HR,NA
G22,IO_L9P_T1_DQS_18,1,18,NA,NA,HR,NA
G23,IO_L9N_T1_DQS_18,1,18,NA,NA,HR,NA
F23,IO_L10P_T1_18,1,18,NA,NA,HR,NA
E23,IO_L10N_T1_18,1,18,NA,NA,HR,NA
D20,IO_L11P_T1_SRCC_18,1,18,NA,NA,HR,NA
D21,IO_L11N_T1_SRCC_18,1,18,NA,NA,HR,NA
E21,IO_L12P_T1_MRCC_18,1,18,NA,NA,HR,NA
E22,IO_L12N_T1_MRCC_18,1,18,NA,NA,HR,NA
E19,IO_L13P_T2_MRCC_18,2,18,NA,NA,HR,NA
D19,IO_L13N_T2_MRCC_18,2,18,NA,NA,HR,NA
C18,IO_L14P_T2_SRCC_18,2,18,NA,NA,HR,NA
C19,IO_L14N_T2_SRCC_18,2,18,NA,NA,HR,NA
D16,IO_L15P_T2_DQS_18,2,18,NA,NA,HR,NA
D17,IO_L15N_T2_DQS_18,2,18,NA,NA,HR,NA
C17,IO_L16P_T2_18,2,18,NA,NA,HR,NA
B17,IO_L16N_T2_18,2,18,NA,NA,HR,NA
B16,IO_L17P_T2_18,2,18,NA,NA,HR,NA
A16,IO_L17N_T2_18,2,18,NA,NA,HR,NA
B18,IO_L18P_T2_18,2,18,NA,NA,HR,NA
A18,IO_L18N_T2_18,2,18,NA,NA,HR,NA
D22,IO_L19P_T3_18,3,18,NA,NA,HR,NA
C22,IO_L19N_T3_VREF_18,3,18,NA,NA,HR,NA
C20,IO_L20P_T3_18,3,18,NA,NA,HR,NA
B20,IO_L20N_T3_18,3,18,NA,NA,HR,NA
A19,IO_L21P_T3_DQS_18,3,18,NA,NA,HR,NA
A20,IO_L21N_T3_DQS_18,3,18,NA,NA,HR,NA
B21,IO_L22P_T3_18,3,18,NA,NA,HR,NA
A21,IO_L22N_T3_18,3,18,NA,NA,HR,NA
B22,IO_L23P_T3_18,3,18,NA,NA,HR,NA
A23,IO_L23N_T3_18,3,18,NA,NA,HR,NA
C23,IO_L24P_T3_18,3,18,NA,NA,HR,NA
B23,IO_L24N_T3_18,3,18,NA,NA,HR,NA
H22,IO_25_18,NA,18,NA,NA,HR,NA
AL8,MGTXTXP3_111,NA,111,NA,NA,GTX,NA
AK10,MGTXRXP3_111,NA,111,NA,NA,GTX,NA
AL7,MGTXTXN3_111,NA,111,NA,NA,GTX,NA
AK9,MGTXRXN3_111,NA,111,NA,NA,GTX,NA
AN8,MGTXTXP2_111,NA,111,NA,NA,GTX,NA
AJ12,MGTXRXP2_111,NA,111,NA,NA,GTX,NA
AN7,MGTXTXN2_111,NA,111,NA,NA,GTX,NA
AH10,MGTREFCLK0P_111,NA,111,NA,NA,GTX,NA
AJ11,MGTXRXN2_111,NA,111,NA,NA,GTX,NA
AH9,MGTREFCLK0N_111,NA,111,NA,NA,GTX,NA
AJ7,MGTREFCLK1N_111,NA,111,NA,NA,GTX,NA
AJ8,MGTREFCLK1P_111,NA,111,NA,NA,GTX,NA
AP10,MGTXTXP1_111,NA,111,NA,NA,GTX,NA
AL12,MGTXRXP1_111,NA,111,NA,NA,GTX,NA
AP9,MGTXTXN1_111,NA,111,NA,NA,GTX,NA
AL11,MGTXRXN1_111,NA,111,NA,NA,GTX,NA
AN12,MGTXTXP0_111,NA,111,NA,NA,GTX,NA
AM10,MGTXRXP0_111,NA,111,NA,NA,GTX,NA
AN11,MGTXTXN0_111,NA,111,NA,NA,GTX,NA
AM9,MGTXRXN0_111,NA,111,NA,NA,GTX,NA
AM2,MGTXTXP3_112,NA,112,NA,NA,GTX,NA
AJ4,MGTXRXP3_112,NA,112,NA,NA,GTX,NA
AM1,MGTXTXN3_112,NA,112,NA,NA,GTX,NA
AJ3,MGTXRXN3_112,NA,112,NA,NA,GTX,NA
AP2,MGTXTXP2_112,NA,112,NA,NA,GTX,NA
AK6,MGTXRXP2_112,NA,112,NA,NA,GTX,NA
AP1,MGTXTXN2_112,NA,112,NA,NA,GTX,NA
AG8,MGTREFCLK0P_112,NA,112,NA,NA,GTX,NA
AK5,MGTXRXN2_112,NA,112,NA,NA,GTX,NA
AG7,MGTREFCLK0N_112,NA,112,NA,NA,GTX,NA
AH5,MGTREFCLK1N_112,NA,112,NA,NA,GTX,NA
AH6,MGTREFCLK1P_112,NA,112,NA,NA,GTX,NA
AN4,MGTXTXP1_112,NA,112,NA,NA,GTX,NA
AL4,MGTXRXP1_112,NA,112,NA,NA,GTX,NA
AN3,MGTXTXN1_112,NA,112,NA,NA,GTX,NA
AL3,MGTXRXN1_112,NA,112,NA,NA,GTX,NA
AP6,MGTXTXP0_112,NA,112,NA,NA,GTX,NA
AM6,MGTXRXP0_112,NA,112,NA,NA,GTX,NA
AP5,MGTXTXN0_112,NA,112,NA,NA,GTX,NA
AM5,MGTXRXN0_112,NA,112,NA,NA,GTX,NA
AD2,MGTXTXP3_113,NA,113,NA,NA,GTX,NA
AC4,MGTXRXP3_113,NA,113,NA,NA,GTX,NA
AD1,MGTXTXN3_113,NA,113,NA,NA,GTX,NA
AC3,MGTXRXN3_113,NA,113,NA,NA,GTX,NA
AF2,MGTXTXP2_113,NA,113,NA,NA,GTX,NA
AE4,MGTXRXP2_113,NA,113,NA,NA,GTX,NA
AF1,MGTXTXN2_113,NA,113,NA,NA,GTX,NA
AC8,MGTREFCLK0P_113,NA,113,NA,NA,GTX,NA
AE3,MGTXRXN2_113,NA,113,NA,NA,GTX,NA
AC7,MGTREFCLK0N_113,NA,113,NA,NA,GTX,NA
AD5,MGTREFCLK1N_113,NA,113,NA,NA,GTX,NA
AD6,MGTREFCLK1P_113,NA,113,NA,NA,GTX,NA
AH2,MGTXTXP1_113,NA,113,NA,NA,GTX,NA
AF6,MGTXRXP1_113,NA,113,NA,NA,GTX,NA
AH1,MGTXTXN1_113,NA,113,NA,NA,GTX,NA
AF5,MGTXRXN1_113,NA,113,NA,NA,GTX,NA
AK2,MGTXTXP0_113,NA,113,NA,NA,GTX,NA
AG4,MGTXRXP0_113,NA,113,NA,NA,GTX,NA
AK1,MGTXTXN0_113,NA,113,NA,NA,GTX,NA
AG3,MGTXRXN0_113,NA,113,NA,NA,GTX,NA
V2,MGTXTXP3_114,NA,114,NA,NA,GTX,NA
V6,MGTXRXP3_114,NA,114,NA,NA,GTX,NA
V1,MGTXTXN3_114,NA,114,NA,NA,GTX,NA
V5,MGTXRXN3_114,NA,114,NA,NA,GTX,NA
W4,MGTXTXP2_114,NA,114,NA,NA,GTX,NA
Y6,MGTXRXP2_114,NA,114,NA,NA,GTX,NA
W3,MGTXTXN2_114,NA,114,NA,NA,GTX,NA
W8,MGTREFCLK0P_114,NA,114,NA,NA,GTX,NA
Y5,MGTXRXN2_114,NA,114,NA,NA,GTX,NA
W7,MGTREFCLK0N_114,NA,114,NA,NA,GTX,NA
AA7,MGTREFCLK1N_114,NA,114,NA,NA,GTX,NA
AA8,MGTREFCLK1P_114,NA,114,NA,NA,GTX,NA
Y2,MGTXTXP1_114,NA,114,NA,NA,GTX,NA
AA4,MGTXRXP1_114,NA,114,NA,NA,GTX,NA
Y1,MGTXTXN1_114,NA,114,NA,NA,GTX,NA
AA3,MGTXRXN1_114,NA,114,NA,NA,GTX,NA
AB2,MGTXTXP0_114,NA,114,NA,NA,GTX,NA
AB6,MGTXRXP0_114,NA,114,NA,NA,GTX,NA
AB1,MGTXTXN0_114,NA,114,NA,NA,GTX,NA
AB5,MGTXRXN0_114,NA,114,NA,NA,GTX,NA
N4,MGTXTXP3_115,NA,115,NA,NA,GTX,NA
M6,MGTXRXP3_115,NA,115,NA,NA,GTX,NA
N3,MGTXTXN3_115,NA,115,NA,NA,GTX,NA
M5,MGTXRXN3_115,NA,115,NA,NA,GTX,NA
P2,MGTXTXP2_115,NA,115,NA,NA,GTX,NA
P6,MGTXRXP2_115,NA,115,NA,NA,GTX,NA
P1,MGTXTXN2_115,NA,115,NA,NA,GTX,NA
R8,MGTREFCLK0P_115,NA,115,NA,NA,GTX,NA
P5,MGTXRXN2_115,NA,115,NA,NA,GTX,NA
T10,MGTAVTTRCAL_115,NA,115,NA,NA,GTX,NA
R7,MGTREFCLK0N_115,NA,115,NA,NA,GTX,NA
T9,MGTRREF_115,NA,115,NA,NA,GTX,NA
U7,MGTREFCLK1N_115,NA,115,NA,NA,GTX,NA
U8,MGTREFCLK1P_115,NA,115,NA,NA,GTX,NA
T2,MGTXTXP1_115,NA,115,NA,NA,GTX,NA
R4,MGTXRXP1_115,NA,115,NA,NA,GTX,NA
T1,MGTXTXN1_115,NA,115,NA,NA,GTX,NA
R3,MGTXRXN1_115,NA,115,NA,NA,GTX,NA
U4,MGTXTXP0_115,NA,115,NA,NA,GTX,NA
T6,MGTXRXP0_115,NA,115,NA,NA,GTX,NA
U3,MGTXTXN0_115,NA,115,NA,NA,GTX,NA
T5,MGTXRXN0_115,NA,115,NA,NA,GTX,NA
F2,MGTXTXP3_116,NA,116,NA,NA,GTX,NA
H6,MGTXRXP3_116,NA,116,NA,NA,GTX,NA
F1,MGTXTXN3_116,NA,116,NA,NA,GTX,NA
H5,MGTXRXN3_116,NA,116,NA,NA,GTX,NA
H2,MGTXTXP2_116,NA,116,NA,NA,GTX,NA
J4,MGTXRXP2_116,NA,116,NA,NA,GTX,NA
H1,MGTXTXN2_116,NA,116,NA,NA,GTX,NA
J8,MGTREFCLK0P_116,NA,116,NA,NA,GTX,NA
J3,MGTXRXN2_116,NA,116,NA,NA,GTX,NA
J7,MGTREFCLK0N_116,NA,116,NA,NA,GTX,NA
L7,MGTREFCLK1N_116,NA,116,NA,NA,GTX,NA
L8,MGTREFCLK1P_116,NA,116,NA,NA,GTX,NA
K2,MGTXTXP1_116,NA,116,NA,NA,GTX,NA
K6,MGTXRXP1_116,NA,116,NA,NA,GTX,NA
K1,MGTXTXN1_116,NA,116,NA,NA,GTX,NA
K5,MGTXRXN1_116,NA,116,NA,NA,GTX,NA
M2,MGTXTXP0_116,NA,116,NA,NA,GTX,NA
L4,MGTXRXP0_116,NA,116,NA,NA,GTX,NA
M1,MGTXTXN0_116,NA,116,NA,NA,GTX,NA
L3,MGTXRXN0_116,NA,116,NA,NA,GTX,NA
B6,MGTXTXP3_117,NA,117,NA,NA,GTX,NA
C4,MGTXRXP3_117,NA,117,NA,NA,GTX,NA
B5,MGTXTXN3_117,NA,117,NA,NA,GTX,NA
C3,MGTXRXN3_117,NA,117,NA,NA,GTX,NA
A4,MGTXTXP2_117,NA,117,NA,NA,GTX,NA
D6,MGTXRXP2_117,NA,117,NA,NA,GTX,NA
A3,MGTXTXN2_117,NA,117,NA,NA,GTX,NA
F6,MGTREFCLK0P_117,NA,117,NA,NA,GTX,NA
D5,MGTXRXN2_117,NA,117,NA,NA,GTX,NA
F5,MGTREFCLK0N_117,NA,117,NA,NA,GTX,NA
G7,MGTREFCLK1N_117,NA,117,NA,NA,GTX,NA
G8,MGTREFCLK1P_117,NA,117,NA,NA,GTX,NA
B2,MGTXTXP1_117,NA,117,NA,NA,GTX,NA
E4,MGTXRXP1_117,NA,117,NA,NA,GTX,NA
B1,MGTXTXN1_117,NA,117,NA,NA,GTX,NA
E3,MGTXRXN1_117,NA,117,NA,NA,GTX,NA
D2,MGTXTXP0_117,NA,117,NA,NA,GTX,NA
G4,MGTXRXP0_117,NA,117,NA,NA,GTX,NA
D1,MGTXTXN0_117,NA,117,NA,NA,GTX,NA
G3,MGTXRXN0_117,NA,117,NA,NA,GTX,NA
A12,MGTXTXP3_118,NA,118,NA,NA,GTX,NA
C12,MGTXRXP3_118,NA,118,NA,NA,GTX,NA
A11,MGTXTXN3_118,NA,118,NA,NA,GTX,NA
C11,MGTXRXN3_118,NA,118,NA,NA,GTX,NA
B10,MGTXTXP2_118,NA,118,NA,NA,GTX,NA
D10,MGTXRXP2_118,NA,118,NA,NA,GTX,NA
B9,MGTXTXN2_118,NA,118,NA,NA,GTX,NA
E8,MGTREFCLK0P_118,NA,118,NA,NA,GTX,NA
D9,MGTXRXN2_118,NA,118,NA,NA,GTX,NA
E7,MGTREFCLK0N_118,NA,118,NA,NA,GTX,NA
H9,MGTREFCLK1N_118,NA,118,NA,NA,GTX,NA
H10,MGTREFCLK1P_118,NA,118,NA,NA,GTX,NA
A8,MGTXTXP1_118,NA,118,NA,NA,GTX,NA
E12,MGTXRXP1_118,NA,118,NA,NA,GTX,NA
A7,MGTXTXN1_118,NA,118,NA,NA,GTX,NA
E11,MGTXRXN1_118,NA,118,NA,NA,GTX,NA
C8,MGTXTXP0_118,NA,118,NA,NA,GTX,NA
F10,MGTXRXP0_118,NA,118,NA,NA,GTX,NA
C7,MGTXTXN0_118,NA,118,NA,NA,GTX,NA
F9,MGTXRXN0_118,NA,118,NA,NA,GTX,NA
B12,MGTAVCC_G11,NA,NA,NA,NA,NA,NA
D12,MGTAVCC_G11,NA,NA,NA,NA,NA,NA
F12,MGTAVCC_G11,NA,NA,NA,NA,NA,NA
G6,MGTAVCC_G11,NA,NA,NA,NA,NA,NA
G9,MGTAVCC_G11,NA,NA,NA,NA,NA,NA
J6,MGTAVCC_G11,NA,NA,NA,NA,NA,NA
L6,MGTAVCC_G11,NA,NA,NA,NA,NA,NA
N6,MGTAVCC_G11,NA,NA,NA,NA,NA,NA
R6,MGTAVCC_G11,NA,NA,NA,NA,NA,NA
U6,MGTAVCC_G11,NA,NA,NA,NA,NA,NA
AA6,MGTAVCC_G10,NA,NA,NA,NA,NA,NA
AC6,MGTAVCC_G10,NA,NA,NA,NA,NA,NA
AE6,MGTAVCC_G10,NA,NA,NA,NA,NA,NA
AG6,MGTAVCC_G10,NA,NA,NA,NA,NA,NA
AJ6,MGTAVCC_G10,NA,NA,NA,NA,NA,NA
AJ9,MGTAVCC_G10,NA,NA,NA,NA,NA,NA
AK12,MGTAVCC_G10,NA,NA,NA,NA,NA,NA
AM12,MGTAVCC_G10,NA,NA,NA,NA,NA,NA
AP12,MGTAVCC_G10,NA,NA,NA,NA,NA,NA
W6,MGTAVCC_G10,NA,NA,NA,NA,NA,NA
M9,MGTVCCAUX_G11,NA,NA,NA,NA,NA,NA
N8,MGTVCCAUX_G11,NA,NA,NA,NA,NA,NA
AD9,MGTVCCAUX_G10,NA,NA,NA,NA,NA,NA
AE8,MGTVCCAUX_G10,NA,NA,NA,NA,NA,NA
C2,MGTAVTT_G11,NA,NA,NA,NA,NA,NA
C6,MGTAVTT_G11,NA,NA,NA,NA,NA,NA
C9,MGTAVTT_G11,NA,NA,NA,NA,NA,NA
D3,MGTAVTT_G11,NA,NA,NA,NA,NA,NA
E6,MGTAVTT_G11,NA,NA,NA,NA,NA,NA
E9,MGTAVTT_G11,NA,NA,NA,NA,NA,NA
G2,MGTAVTT_G11,NA,NA,NA,NA,NA,NA
H3,MGTAVTT_G11,NA,NA,NA,NA,NA,NA
L2,MGTAVTT_G11,NA,NA,NA,NA,NA,NA
M3,MGTAVTT_G11,NA,NA,NA,NA,NA,NA
R2,MGTAVTT_G11,NA,NA,NA,NA,NA,NA
T3,MGTAVTT_G11,NA,NA,NA,NA,NA,NA
AC2,MGTAVTT_G10,NA,NA,NA,NA,NA,NA
AD3,MGTAVTT_G10,NA,NA,NA,NA,NA,NA
AG2,MGTAVTT_G10,NA,NA,NA,NA,NA,NA
AH3,MGTAVTT_G10,NA,NA,NA,NA,NA,NA
AL2,MGTAVTT_G10,NA,NA,NA,NA,NA,NA
AL6,MGTAVTT_G10,NA,NA,NA,NA,NA,NA
AL9,MGTAVTT_G10,NA,NA,NA,NA,NA,NA
AM3,MGTAVTT_G10,NA,NA,NA,NA,NA,NA
AN6,MGTAVTT_G10,NA,NA,NA,NA,NA,NA
AN9,MGTAVTT_G10,NA,NA,NA,NA,NA,NA
W2,MGTAVTT_G10,NA,NA,NA,NA,NA,NA
Y3,MGTAVTT_G10,NA,NA,NA,NA,NA,NA
A1,GND,NA,NA,NA,NA,NA,NA
A10,GND,NA,NA,NA,NA,NA,NA
A13,GND,NA,NA,NA,NA,NA,NA
A14,GND,NA,NA,NA,NA,NA,NA
A15,GND,NA,NA,NA,NA,NA,NA
A17,GND,NA,NA,NA,NA,NA,NA
A2,GND,NA,NA,NA,NA,NA,NA
A27,GND,NA,NA,NA,NA,NA,NA
A34,GND,NA,NA,NA,NA,NA,NA
A5,GND,NA,NA,NA,NA,NA,NA
A6,GND,NA,NA,NA,NA,NA,NA
A9,GND,NA,NA,NA,NA,NA,NA
AA1,GND,NA,NA,NA,NA,NA,NA
AA11,GND,NA,NA,NA,NA,NA,NA
AA13,GND,NA,NA,NA,NA,NA,NA
AA15,GND,NA,NA,NA,NA,NA,NA
AA17,GND,NA,NA,NA,NA,NA,NA
AA19,GND,NA,NA,NA,NA,NA,NA
AA2,GND,NA,NA,NA,NA,NA,NA
AA21,GND,NA,NA,NA,NA,NA,NA
AA23,GND,NA,NA,NA,NA,NA,NA
AA27,GND,NA,NA,NA,NA,NA,NA
AA5,GND,NA,NA,NA,NA,NA,NA
AA9,GND,NA,NA,NA,NA,NA,NA
AB10,GND,NA,NA,NA,NA,NA,NA
AB12,GND,NA,NA,NA,NA,NA,NA
AB14,GND,NA,NA,NA,NA,NA,NA
AB16,GND,NA,NA,NA,NA,NA,NA
AB18,GND,NA,NA,NA,NA,NA,NA
AB20,GND,NA,NA,NA,NA,NA,NA
AB22,GND,NA,NA,NA,NA,NA,NA
AB24,GND,NA,NA,NA,NA,NA,NA
AB3,GND,NA,NA,NA,NA,NA,NA
AB34,GND,NA,NA,NA,NA,NA,NA
AB4,GND,NA,NA,NA,NA,NA,NA
AB7,GND,NA,NA,NA,NA,NA,NA
AB8,GND,NA,NA,NA,NA,NA,NA
AB9,GND,NA,NA,NA,NA,NA,NA
AC1,GND,NA,NA,NA,NA,NA,NA
AC10,GND,NA,NA,NA,NA,NA,NA
AC11,GND,NA,NA,NA,NA,NA,NA
AC13,GND,NA,NA,NA,NA,NA,NA
AC15,GND,NA,NA,NA,NA,NA,NA
AC17,GND,NA,NA,NA,NA,NA,NA
AC19,GND,NA,NA,NA,NA,NA,NA
AC21,GND,NA,NA,NA,NA,NA,NA
AC23,GND,NA,NA,NA,NA,NA,NA
AC31,GND,NA,NA,NA,NA,NA,NA
AC5,GND,NA,NA,NA,NA,NA,NA
AC9,GND,NA,NA,NA,NA,NA,NA
AD10,GND,NA,NA,NA,NA,NA,NA
AD12,GND,NA,NA,NA,NA,NA,NA
AD14,GND,NA,NA,NA,NA,NA,NA
AD16,GND,NA,NA,NA,NA,NA,NA
AD18,GND,NA,NA,NA,NA,NA,NA
AD20,GND,NA,NA,NA,NA,NA,NA
AD22,GND,NA,NA,NA,NA,NA,NA
AD28,GND,NA,NA,NA,NA,NA,NA
AD4,GND,NA,NA,NA,NA,NA,NA
AD7,GND,NA,NA,NA,NA,NA,NA
AD8,GND,NA,NA,NA,NA,NA,NA
AE1,GND,NA,NA,NA,NA,NA,NA
AE10,GND,NA,NA,NA,NA,NA,NA
AE11,GND,NA,NA,NA,NA,NA,NA
AE13,GND,NA,NA,NA,NA,NA,NA
AE15,GND,NA,NA,NA,NA,NA,NA
AE17,GND,NA,NA,NA,NA,NA,NA
AE19,GND,NA,NA,NA,NA,NA,NA
AE2,GND,NA,NA,NA,NA,NA,NA
AE21,GND,NA,NA,NA,NA,NA,NA
AE23,GND,NA,NA,NA,NA,NA,NA
AE25,GND,NA,NA,NA,NA,NA,NA
AE5,GND,NA,NA,NA,NA,NA,NA
AE7,GND,NA,NA,NA,NA,NA,NA
AE9,GND,NA,NA,NA,NA,NA,NA
AF10,GND,NA,NA,NA,NA,NA,NA
AF12,GND,NA,NA,NA,NA,NA,NA
AF14,GND,NA,NA,NA,NA,NA,NA
AF16,GND,NA,NA,NA,NA,NA,NA
AF18,GND,NA,NA,NA,NA,NA,NA
AF20,GND,NA,NA,NA,NA,NA,NA
AF22,GND,NA,NA,NA,NA,NA,NA
AF3,GND,NA,NA,NA,NA,NA,NA
AF32,GND,NA,NA,NA,NA,NA,NA
AF4,GND,NA,NA,NA,NA,NA,NA
AF7,GND,NA,NA,NA,NA,NA,NA
AF8,GND,NA,NA,NA,NA,NA,NA
AF9,GND,NA,NA,NA,NA,NA,NA
AG1,GND,NA,NA,NA,NA,NA,NA
AG10,GND,NA,NA,NA,NA,NA,NA
AG11,GND,NA,NA,NA,NA,NA,NA
AG12,GND,NA,NA,NA,NA,NA,NA
AG13,GND,NA,NA,NA,NA,NA,NA
AG19,GND,NA,NA,NA,NA,NA,NA
AG29,GND,NA,NA,NA,NA,NA,NA
AG5,GND,NA,NA,NA,NA,NA,NA
AG9,GND,NA,NA,NA,NA,NA,NA
AH11,GND,NA,NA,NA,NA,NA,NA
AH12,GND,NA,NA,NA,NA,NA,NA
AH13,GND,NA,NA,NA,NA,NA,NA
AH16,GND,NA,NA,NA,NA,NA,NA
AH26,GND,NA,NA,NA,NA,NA,NA
AH4,GND,NA,NA,NA,NA,NA,NA
AH7,GND,NA,NA,NA,NA,NA,NA
AH8,GND,NA,NA,NA,NA,NA,NA
AJ1,GND,NA,NA,NA,NA,NA,NA
AJ10,GND,NA,NA,NA,NA,NA,NA
AJ13,GND,NA,NA,NA,NA,NA,NA
AJ2,GND,NA,NA,NA,NA,NA,NA
AJ23,GND,NA,NA,NA,NA,NA,NA
AJ33,GND,NA,NA,NA,NA,NA,NA
AJ5,GND,NA,NA,NA,NA,NA,NA
AK11,GND,NA,NA,NA,NA,NA,NA
AK13,GND,NA,NA,NA,NA,NA,NA
AK14,GND,NA,NA,NA,NA,NA,NA
AK20,GND,NA,NA,NA,NA,NA,NA
AK3,GND,NA,NA,NA,NA,NA,NA
AK30,GND,NA,NA,NA,NA,NA,NA
AK4,GND,NA,NA,NA,NA,NA,NA
AK7,GND,NA,NA,NA,NA,NA,NA
AK8,GND,NA,NA,NA,NA,NA,NA
AL1,GND,NA,NA,NA,NA,NA,NA
AL10,GND,NA,NA,NA,NA,NA,NA
AL13,GND,NA,NA,NA,NA,NA,NA
AL14,GND,NA,NA,NA,NA,NA,NA
AL17,GND,NA,NA,NA,NA,NA,NA
AL27,GND,NA,NA,NA,NA,NA,NA
AL5,GND,NA,NA,NA,NA,NA,NA
AM11,GND,NA,NA,NA,NA,NA,NA
AM13,GND,NA,NA,NA,NA,NA,NA
AM14,GND,NA,NA,NA,NA,NA,NA
AM24,GND,NA,NA,NA,NA,NA,NA
AM34,GND,NA,NA,NA,NA,NA,NA
AM4,GND,NA,NA,NA,NA,NA,NA
AM7,GND,NA,NA,NA,NA,NA,NA
AM8,GND,NA,NA,NA,NA,NA,NA
AN1,GND,NA,NA,NA,NA,NA,NA
AN10,GND,NA,NA,NA,NA,NA,NA
AN13,GND,NA,NA,NA,NA,NA,NA
AN14,GND,NA,NA,NA,NA,NA,NA
AN15,GND,NA,NA,NA,NA,NA,NA
AN2,GND,NA,NA,NA,NA,NA,NA
AN21,GND,NA,NA,NA,NA,NA,NA
AN31,GND,NA,NA,NA,NA,NA,NA
AN5,GND,NA,NA,NA,NA,NA,NA
AP11,GND,NA,NA,NA,NA,NA,NA
AP13,GND,NA,NA,NA,NA,NA,NA
AP14,GND,NA,NA,NA,NA,NA,NA
AP15,GND,NA,NA,NA,NA,NA,NA
AP18,GND,NA,NA,NA,NA,NA,NA
AP28,GND,NA,NA,NA,NA,NA,NA
AP3,GND,NA,NA,NA,NA,NA,NA
AP34,GND,NA,NA,NA,NA,NA,NA
AP4,GND,NA,NA,NA,NA,NA,NA
AP7,GND,NA,NA,NA,NA,NA,NA
AP8,GND,NA,NA,NA,NA,NA,NA
B11,GND,NA,NA,NA,NA,NA,NA
B13,GND,NA,NA,NA,NA,NA,NA
B14,GND,NA,NA,NA,NA,NA,NA
B15,GND,NA,NA,NA,NA,NA,NA
B24,GND,NA,NA,NA,NA,NA,NA
B3,GND,NA,NA,NA,NA,NA,NA
B34,GND,NA,NA,NA,NA,NA,NA
B4,GND,NA,NA,NA,NA,NA,NA
B7,GND,NA,NA,NA,NA,NA,NA
B8,GND,NA,NA,NA,NA,NA,NA
C1,GND,NA,NA,NA,NA,NA,NA
C10,GND,NA,NA,NA,NA,NA,NA
C13,GND,NA,NA,NA,NA,NA,NA
C14,GND,NA,NA,NA,NA,NA,NA
C21,GND,NA,NA,NA,NA,NA,NA
C31,GND,NA,NA,NA,NA,NA,NA
C5,GND,NA,NA,NA,NA,NA,NA
D11,GND,NA,NA,NA,NA,NA,NA
D13,GND,NA,NA,NA,NA,NA,NA
D14,GND,NA,NA,NA,NA,NA,NA
D18,GND,NA,NA,NA,NA,NA,NA
D28,GND,NA,NA,NA,NA,NA,NA
D4,GND,NA,NA,NA,NA,NA,NA
D7,GND,NA,NA,NA,NA,NA,NA
D8,GND,NA,NA,NA,NA,NA,NA
E1,GND,NA,NA,NA,NA,NA,NA
E10,GND,NA,NA,NA,NA,NA,NA
E13,GND,NA,NA,NA,NA,NA,NA
E14,GND,NA,NA,NA,NA,NA,NA
E15,GND,NA,NA,NA,NA,NA,NA
E2,GND,NA,NA,NA,NA,NA,NA
E25,GND,NA,NA,NA,NA,NA,NA
E5,GND,NA,NA,NA,NA,NA,NA
F11,GND,NA,NA,NA,NA,NA,NA
F13,GND,NA,NA,NA,NA,NA,NA
F22,GND,NA,NA,NA,NA,NA,NA
F3,GND,NA,NA,NA,NA,NA,NA
F32,GND,NA,NA,NA,NA,NA,NA
F4,GND,NA,NA,NA,NA,NA,NA
F7,GND,NA,NA,NA,NA,NA,NA
F8,GND,NA,NA,NA,NA,NA,NA
G1,GND,NA,NA,NA,NA,NA,NA
G10,GND,NA,NA,NA,NA,NA,NA
G11,GND,NA,NA,NA,NA,NA,NA
G12,GND,NA,NA,NA,NA,NA,NA
G13,GND,NA,NA,NA,NA,NA,NA
G19,GND,NA,NA,NA,NA,NA,NA
G29,GND,NA,NA,NA,NA,NA,NA
G5,GND,NA,NA,NA,NA,NA,NA
H11,GND,NA,NA,NA,NA,NA,NA
H12,GND,NA,NA,NA,NA,NA,NA
H14,GND,NA,NA,NA,NA,NA,NA
H16,GND,NA,NA,NA,NA,NA,NA
H26,GND,NA,NA,NA,NA,NA,NA
H4,GND,NA,NA,NA,NA,NA,NA
H7,GND,NA,NA,NA,NA,NA,NA
H8,GND,NA,NA,NA,NA,NA,NA
J1,GND,NA,NA,NA,NA,NA,NA
J10,GND,NA,NA,NA,NA,NA,NA
J11,GND,NA,NA,NA,NA,NA,NA
J13,GND,NA,NA,NA,NA,NA,NA
J15,GND,NA,NA,NA,NA,NA,NA
J17,GND,NA,NA,NA,NA,NA,NA
J19,GND,NA,NA,NA,NA,NA,NA
J2,GND,NA,NA,NA,NA,NA,NA
J21,GND,NA,NA,NA,NA,NA,NA
J23,GND,NA,NA,NA,NA,NA,NA
J33,GND,NA,NA,NA,NA,NA,NA
J5,GND,NA,NA,NA,NA,NA,NA
J9,GND,NA,NA,NA,NA,NA,NA
K10,GND,NA,NA,NA,NA,NA,NA
K12,GND,NA,NA,NA,NA,NA,NA
K14,GND,NA,NA,NA,NA,NA,NA
K16,GND,NA,NA,NA,NA,NA,NA
K18,GND,NA,NA,NA,NA,NA,NA
K20,GND,NA,NA,NA,NA,NA,NA
K22,GND,NA,NA,NA,NA,NA,NA
K3,GND,NA,NA,NA,NA,NA,NA
K30,GND,NA,NA,NA,NA,NA,NA
K4,GND,NA,NA,NA,NA,NA,NA
K7,GND,NA,NA,NA,NA,NA,NA
K8,GND,NA,NA,NA,NA,NA,NA
K9,GND,NA,NA,NA,NA,NA,NA
L1,GND,NA,NA,NA,NA,NA,NA
L10,GND,NA,NA,NA,NA,NA,NA
L11,GND,NA,NA,NA,NA,NA,NA
L13,GND,NA,NA,NA,NA,NA,NA
L15,GND,NA,NA,NA,NA,NA,NA
L17,GND,NA,NA,NA,NA,NA,NA
L19,GND,NA,NA,NA,NA,NA,NA
L21,GND,NA,NA,NA,NA,NA,NA
L23,GND,NA,NA,NA,NA,NA,NA
L27,GND,NA,NA,NA,NA,NA,NA
L5,GND,NA,NA,NA,NA,NA,NA
L9,GND,NA,NA,NA,NA,NA,NA
M10,GND,NA,NA,NA,NA,NA,NA
M12,GND,NA,NA,NA,NA,NA,NA
M14,GND,NA,NA,NA,NA,NA,NA
M16,GND,NA,NA,NA,NA,NA,NA
M18,GND,NA,NA,NA,NA,NA,NA
M20,GND,NA,NA,NA,NA,NA,NA
M22,GND,NA,NA,NA,NA,NA,NA
M24,GND,NA,NA,NA,NA,NA,NA
M34,GND,NA,NA,NA,NA,NA,NA
M4,GND,NA,NA,NA,NA,NA,NA
M7,GND,NA,NA,NA,NA,NA,NA
M8,GND,NA,NA,NA,NA,NA,NA
N1,GND,NA,NA,NA,NA,NA,NA
N10,GND,NA,NA,NA,NA,NA,NA
N11,GND,NA,NA,NA,NA,NA,NA
N13,GND,NA,NA,NA,NA,NA,NA
N15,GND,NA,NA,NA,NA,NA,NA
N17,GND,NA,NA,NA,NA,NA,NA
N19,GND,NA,NA,NA,NA,NA,NA
N2,GND,NA,NA,NA,NA,NA,NA
N21,GND,NA,NA,NA,NA,NA,NA
N23,GND,NA,NA,NA,NA,NA,NA
N31,GND,NA,NA,NA,NA,NA,NA
N5,GND,NA,NA,NA,NA,NA,NA
N7,GND,NA,NA,NA,NA,NA,NA
N9,GND,NA,NA,NA,NA,NA,NA
P10,GND,NA,NA,NA,NA,NA,NA
P12,GND,NA,NA,NA,NA,NA,NA
P14,GND,NA,NA,NA,NA,NA,NA
P16,GND,NA,NA,NA,NA,NA,NA
P18,GND,NA,NA,NA,NA,NA,NA
P20,GND,NA,NA,NA,NA,NA,NA
P22,GND,NA,NA,NA,NA,NA,NA
P28,GND,NA,NA,NA,NA,NA,NA
P3,GND,NA,NA,NA,NA,NA,NA
P4,GND,NA,NA,NA,NA,NA,NA
P7,GND,NA,NA,NA,NA,NA,NA
P8,GND,NA,NA,NA,NA,NA,NA
P9,GND,NA,NA,NA,NA,NA,NA
R1,GND,NA,NA,NA,NA,NA,NA
R10,GND,NA,NA,NA,NA,NA,NA
R11,GND,NA,NA,NA,NA,NA,NA
R13,GND,NA,NA,NA,NA,NA,NA
R15,GND,NA,NA,NA,NA,NA,NA
R17,GND,NA,NA,NA,NA,NA,NA
R19,GND,NA,NA,NA,NA,NA,NA
R21,GND,NA,NA,NA,NA,NA,NA
R23,GND,NA,NA,NA,NA,NA,NA
R25,GND,NA,NA,NA,NA,NA,NA
R5,GND,NA,NA,NA,NA,NA,NA
R9,GND,NA,NA,NA,NA,NA,NA
T11,GND,NA,NA,NA,NA,NA,NA
T12,GND,NA,NA,NA,NA,NA,NA
T14,GND,NA,NA,NA,NA,NA,NA
T18,GND,NA,NA,NA,NA,NA,NA
T20,GND,NA,NA,NA,NA,NA,NA
T22,GND,NA,NA,NA,NA,NA,NA
T32,GND,NA,NA,NA,NA,NA,NA
T4,GND,NA,NA,NA,NA,NA,NA
T7,GND,NA,NA,NA,NA,NA,NA
T8,GND,NA,NA,NA,NA,NA,NA
U1,GND,NA,NA,NA,NA,NA,NA
U10,GND,NA,NA,NA,NA,NA,NA
U11,GND,NA,NA,NA,NA,NA,NA
U13,GND,NA,NA,NA,NA,NA,NA
U15,GND,NA,NA,NA,NA,NA,NA
U19,GND,NA,NA,NA,NA,NA,NA
U2,GND,NA,NA,NA,NA,NA,NA
U21,GND,NA,NA,NA,NA,NA,NA
U23,GND,NA,NA,NA,NA,NA,NA
U29,GND,NA,NA,NA,NA,NA,NA
U5,GND,NA,NA,NA,NA,NA,NA
U9,GND,NA,NA,NA,NA,NA,NA
V10,GND,NA,NA,NA,NA,NA,NA
V12,GND,NA,NA,NA,NA,NA,NA
V14,GND,NA,NA,NA,NA,NA,NA
V18,GND,NA,NA,NA,NA,NA,NA
V20,GND,NA,NA,NA,NA,NA,NA
V22,GND,NA,NA,NA,NA,NA,NA
V26,GND,NA,NA,NA,NA,NA,NA
V3,GND,NA,NA,NA,NA,NA,NA
V4,GND,NA,NA,NA,NA,NA,NA
V7,GND,NA,NA,NA,NA,NA,NA
V8,GND,NA,NA,NA,NA,NA,NA
V9,GND,NA,NA,NA,NA,NA,NA
W1,GND,NA,NA,NA,NA,NA,NA
W11,GND,NA,NA,NA,NA,NA,NA
W13,GND,NA,NA,NA,NA,NA,NA
W15,GND,NA,NA,NA,NA,NA,NA
W19,GND,NA,NA,NA,NA,NA,NA
W21,GND,NA,NA,NA,NA,NA,NA
W23,GND,NA,NA,NA,NA,NA,NA
W33,GND,NA,NA,NA,NA,NA,NA
W5,GND,NA,NA,NA,NA,NA,NA
W9,GND,NA,NA,NA,NA,NA,NA
Y10,GND,NA,NA,NA,NA,NA,NA
Y12,GND,NA,NA,NA,NA,NA,NA
Y14,GND,NA,NA,NA,NA,NA,NA
Y16,GND,NA,NA,NA,NA,NA,NA
Y18,GND,NA,NA,NA,NA,NA,NA
Y20,GND,NA,NA,NA,NA,NA,NA
Y22,GND,NA,NA,NA,NA,NA,NA
Y30,GND,NA,NA,NA,NA,NA,NA
Y4,GND,NA,NA,NA,NA,NA,NA
Y7,GND,NA,NA,NA,NA,NA,NA
Y8,GND,NA,NA,NA,NA,NA,NA
Y9,GND,NA,NA,NA,NA,NA,NA
AA10,VCCINT,NA,NA,NA,NA,NA,NA
AA12,VCCINT,NA,NA,NA,NA,NA,NA
AA14,VCCINT,NA,NA,NA,NA,NA,NA
AA22,VCCINT,NA,NA,NA,NA,NA,NA
AB11,VCCINT,NA,NA,NA,NA,NA,NA
AB13,VCCINT,NA,NA,NA,NA,NA,NA
AB21,VCCINT,NA,NA,NA,NA,NA,NA
AB23,VCCINT,NA,NA,NA,NA,NA,NA
AC12,VCCINT,NA,NA,NA,NA,NA,NA
AC14,VCCINT,NA,NA,NA,NA,NA,NA
AC22,VCCINT,NA,NA,NA,NA,NA,NA
AD11,VCCINT,NA,NA,NA,NA,NA,NA
AD13,VCCINT,NA,NA,NA,NA,NA,NA
AD21,VCCINT,NA,NA,NA,NA,NA,NA
AD23,VCCINT,NA,NA,NA,NA,NA,NA
AE12,VCCINT,NA,NA,NA,NA,NA,NA
AE14,VCCINT,NA,NA,NA,NA,NA,NA
AE22,VCCINT,NA,NA,NA,NA,NA,NA
AF11,VCCINT,NA,NA,NA,NA,NA,NA
AF13,VCCINT,NA,NA,NA,NA,NA,NA
AF21,VCCINT,NA,NA,NA,NA,NA,NA
AF23,VCCINT,NA,NA,NA,NA,NA,NA
J12,VCCINT,NA,NA,NA,NA,NA,NA
J14,VCCINT,NA,NA,NA,NA,NA,NA
J16,VCCINT,NA,NA,NA,NA,NA,NA
J18,VCCINT,NA,NA,NA,NA,NA,NA
J20,VCCINT,NA,NA,NA,NA,NA,NA
J22,VCCINT,NA,NA,NA,NA,NA,NA
K11,VCCINT,NA,NA,NA,NA,NA,NA
K13,VCCINT,NA,NA,NA,NA,NA,NA
K15,VCCINT,NA,NA,NA,NA,NA,NA
K17,VCCINT,NA,NA,NA,NA,NA,NA
K19,VCCINT,NA,NA,NA,NA,NA,NA
K21,VCCINT,NA,NA,NA,NA,NA,NA
K23,VCCINT,NA,NA,NA,NA,NA,NA
L12,VCCINT,NA,NA,NA,NA,NA,NA
L14,VCCINT,NA,NA,NA,NA,NA,NA
L16,VCCINT,NA,NA,NA,NA,NA,NA
L18,VCCINT,NA,NA,NA,NA,NA,NA
L20,VCCINT,NA,NA,NA,NA,NA,NA
L22,VCCINT,NA,NA,NA,NA,NA,NA
M11,VCCINT,NA,NA,NA,NA,NA,NA
M13,VCCINT,NA,NA,NA,NA,NA,NA
M15,VCCINT,NA,NA,NA,NA,NA,NA
M17,VCCINT,NA,NA,NA,NA,NA,NA
M19,VCCINT,NA,NA,NA,NA,NA,NA
M21,VCCINT,NA,NA,NA,NA,NA,NA
M23,VCCINT,NA,NA,NA,NA,NA,NA
N12,VCCINT,NA,NA,NA,NA,NA,NA
N14,VCCINT,NA,NA,NA,NA,NA,NA
N16,VCCINT,NA,NA,NA,NA,NA,NA
N18,VCCINT,NA,NA,NA,NA,NA,NA
N20,VCCINT,NA,NA,NA,NA,NA,NA
N22,VCCINT,NA,NA,NA,NA,NA,NA
P11,VCCINT,NA,NA,NA,NA,NA,NA
P13,VCCINT,NA,NA,NA,NA,NA,NA
P15,VCCINT,NA,NA,NA,NA,NA,NA
P17,VCCINT,NA,NA,NA,NA,NA,NA
P19,VCCINT,NA,NA,NA,NA,NA,NA
P21,VCCINT,NA,NA,NA,NA,NA,NA
P23,VCCINT,NA,NA,NA,NA,NA,NA
R12,VCCINT,NA,NA,NA,NA,NA,NA
R14,VCCINT,NA,NA,NA,NA,NA,NA
R16,VCCINT,NA,NA,NA,NA,NA,NA
R18,VCCINT,NA,NA,NA,NA,NA,NA
R22,VCCINT,NA,NA,NA,NA,NA,NA
T13,VCCINT,NA,NA,NA,NA,NA,NA
T15,VCCINT,NA,NA,NA,NA,NA,NA
T21,VCCINT,NA,NA,NA,NA,NA,NA
T23,VCCINT,NA,NA,NA,NA,NA,NA
U12,VCCINT,NA,NA,NA,NA,NA,NA
U14,VCCINT,NA,NA,NA,NA,NA,NA
U18,VCCINT,NA,NA,NA,NA,NA,NA
U22,VCCINT,NA,NA,NA,NA,NA,NA
V11,VCCINT,NA,NA,NA,NA,NA,NA
V13,VCCINT,NA,NA,NA,NA,NA,NA
V15,VCCINT,NA,NA,NA,NA,NA,NA
V21,VCCINT,NA,NA,NA,NA,NA,NA
V23,VCCINT,NA,NA,NA,NA,NA,NA
W10,VCCINT,NA,NA,NA,NA,NA,NA
W12,VCCINT,NA,NA,NA,NA,NA,NA
W14,VCCINT,NA,NA,NA,NA,NA,NA
W18,VCCINT,NA,NA,NA,NA,NA,NA
W22,VCCINT,NA,NA,NA,NA,NA,NA
Y11,VCCINT,NA,NA,NA,NA,NA,NA
Y13,VCCINT,NA,NA,NA,NA,NA,NA
Y21,VCCINT,NA,NA,NA,NA,NA,NA
Y23,VCCINT,NA,NA,NA,NA,NA,NA
AA16,VCCAUX,NA,NA,NA,NA,NA,NA
AA18,VCCAUX,NA,NA,NA,NA,NA,NA
AB15,VCCAUX,NA,NA,NA,NA,NA,NA
AB17,VCCAUX,NA,NA,NA,NA,NA,NA
AC16,VCCAUX,NA,NA,NA,NA,NA,NA
AC18,VCCAUX,NA,NA,NA,NA,NA,NA
AD15,VCCAUX,NA,NA,NA,NA,NA,NA
AD17,VCCAUX,NA,NA,NA,NA,NA,NA
AE16,VCCAUX,NA,NA,NA,NA,NA,NA
AE18,VCCAUX,NA,NA,NA,NA,NA,NA
AF15,VCCAUX,NA,NA,NA,NA,NA,NA
AF17,VCCAUX,NA,NA,NA,NA,NA,NA
Y15,VCCAUX,NA,NA,NA,NA,NA,NA
Y17,VCCAUX,NA,NA,NA,NA,NA,NA
G14,VCCO_0,NA,0,NA,NA,NA,NA
H13,VCCO_0,NA,0,NA,NA,NA,NA
AH21,VCCO_11,NA,11,NA,NA,NA,NA
AJ18,VCCO_11,NA,11,NA,NA,NA,NA
AK15,VCCO_11,NA,11,NA,NA,NA,NA
AL22,VCCO_11,NA,11,NA,NA,NA,NA
AM19,VCCO_11,NA,11,NA,NA,NA,NA
AN16,VCCO_11,NA,11,NA,NA,NA,NA
AF27,VCCO_12,NA,12,NA,NA,NA,NA
AG24,VCCO_12,NA,12,NA,NA,NA,NA
AJ28,VCCO_12,NA,12,NA,NA,NA,NA
AK25,VCCO_12,NA,12,NA,NA,NA,NA
AN26,VCCO_12,NA,12,NA,NA,NA,NA
AP23,VCCO_12,NA,12,NA,NA,NA,NA
AD33,VCCO_13,NA,13,NA,NA,NA,NA
AE30,VCCO_13,NA,13,NA,NA,NA,NA
AG34,VCCO_13,NA,13,NA,NA,NA,NA
AH31,VCCO_13,NA,13,NA,NA,NA,NA
AL32,VCCO_13,NA,13,NA,NA,NA,NA
AM29,VCCO_13,NA,13,NA,NA,NA,NA
AN33,VCCO_13,NA,13,NA,NA,NA,NA
AA32,VCCO_14,NA,14,NA,NA,NA,NA
AB29,VCCO_14,NA,14,NA,NA,NA,NA
AC26,VCCO_14,NA,14,NA,NA,NA,NA
V31,VCCO_14,NA,14,NA,NA,NA,NA
W28,VCCO_14,NA,14,NA,NA,NA,NA
Y25,VCCO_14,NA,14,NA,NA,NA,NA
N26,VCCO_15,NA,15,NA,NA,NA,NA
P33,VCCO_15,NA,15,NA,NA,NA,NA
R30,VCCO_15,NA,15,NA,NA,NA,NA
T27,VCCO_15,NA,15,NA,NA,NA,NA
U24,VCCO_15,NA,15,NA,NA,NA,NA
U34,VCCO_15,NA,15,NA,NA,NA,NA
A32,VCCO_16,NA,16,NA,NA,NA,NA
B29,VCCO_16,NA,16,NA,NA,NA,NA
D33,VCCO_16,NA,16,NA,NA,NA,NA
E30,VCCO_16,NA,16,NA,NA,NA,NA
G34,VCCO_16,NA,16,NA,NA,NA,NA
H31,VCCO_16,NA,16,NA,NA,NA,NA
L32,VCCO_16,NA,16,NA,NA,NA,NA
C26,VCCO_17,NA,17,NA,NA,NA,NA
F27,VCCO_17,NA,17,NA,NA,NA,NA
G24,VCCO_17,NA,17,NA,NA,NA,NA
J28,VCCO_17,NA,17,NA,NA,NA,NA
K25,VCCO_17,NA,17,NA,NA,NA,NA
M29,VCCO_17,NA,17,NA,NA,NA,NA
A22,VCCO_18,NA,18,NA,NA,NA,NA
B19,VCCO_18,NA,18,NA,NA,NA,NA
C16,VCCO_18,NA,18,NA,NA,NA,NA
D23,VCCO_18,NA,18,NA,NA,NA,NA
E20,VCCO_18,NA,18,NA,NA,NA,NA
F17,VCCO_18,NA,18,NA,NA,NA,NA
H21,VCCO_18,NA,18,NA,NA,NA,NA
AA20,VCCBRAM,NA,NA,NA,NA,NA,NA
AB19,VCCBRAM,NA,NA,NA,NA,NA,NA
AC20,VCCBRAM,NA,NA,NA,NA,NA,NA
AD19,VCCBRAM,NA,NA,NA,NA,NA,NA
AE20,VCCBRAM,NA,NA,NA,NA,NA,NA
AF19,VCCBRAM,NA,NA,NA,NA,NA,NA
R20,VCCBRAM,NA,NA,NA,NA,NA,NA
T19,VCCBRAM,NA,NA,NA,NA,NA,NA
U20,VCCBRAM,NA,NA,NA,NA,NA,NA
V19,VCCBRAM,NA,NA,NA,NA,NA,NA
W20,VCCBRAM,NA,NA,NA,NA,NA,NA
Y19,VCCBRAM,NA,NA,NA,NA,NA,NA
,,,,,,,
Total Number of Pins Generated, 1156,,,,,,,
